"SubjectID","lh_bankssts_volume","lh_caudalanteriorcingulate_volume","lh_caudalmiddlefrontal_volume","lh_cuneus_volume","lh_entorhinal_volume","lh_fusiform_volume","lh_inferiorparietal_volume","lh_inferiortemporal_volume","lh_isthmuscingulate_volume","lh_lateraloccipital_volume","lh_lateralorbitofrontal_volume","lh_lingual_volume","lh_medialorbitofrontal_volume","lh_middletemporal_volume","lh_parahippocampal_volume","lh_paracentral_volume","lh_parsopercularis_volume","lh_parsorbitalis_volume","lh_parstriangularis_volume","lh_pericalcarine_volume","lh_postcentral_volume","lh_posteriorcingulate_volume","lh_precentral_volume","lh_precuneus_volume","lh_rostralanteriorcingulate_volume","lh_rostralmiddlefrontal_volume","lh_superiorfrontal_volume","lh_superiorparietal_volume","lh_superiortemporal_volume","lh_supramarginal_volume","lh_frontalpole_volume","lh_temporalpole_volume","lh_transversetemporal_volume","lh_insula_volume","BrainSegVolNotVent","eTIV"
"sub-101",3085,3475,8596,3562,1844,11060,13316,11122,2956,14226,8007,7102,4859,12409,2008,4523,4808,2586,4469,2065,10379,3044,14640,11696,3707,18392,26325,13678,15005,11050,911,2864,1341,8162,1170000,1620000
"sub-106",2668,1297,5846,2218,975,9829,10621,10202,1878,9216,7388,6749,6095,11354,2065,3684,4339,3358,3657,1510,9670,2247,12077,7607,2550,18755,22395,10237,13135,9551,1340,2330,1336,6464,1010000,1480000
"sub-011",4036,2300,6867,3189,3224,10362,14127,11547,3357,13381,8636,6565,5360,10993,2576,3570,4360,2698,3658,2171,10784,3275,13878,10085,2879,14025,23915,14620,13493,12175,907,2516,1165,7258,1150000,1500000
"sub-114",2299,1621,5572,2208,1475,9137,9524,9786,1806,9997,6515,5828,4838,11472,1803,3165,4824,2111,3026,1517,8607,2939,11201,8326,2453,16416,22412,12315,12255,9586,972,2378,1109,7393,1070000,1520000
"sub-115",2143,1729,6139,3079,1978,8803,12690,9089,3013,14374,6681,6069,5039,9425,1838,3152,4833,1723,3696,2012,9432,2801,12470,9425,2560,14460,19098,12570,10341,8757,905,1848,967,6515,1150000,1570000
"sub-118",2258,2330,7801,3509,1516,9731,13105,9990,3530,13714,8074,8176,5306,8052,1671,4645,5518,2528,3482,2502,10010,3211,16863,11965,3759,17962,25266,15303,12428,12933,809,1742,1119,8884,1280000,1810000
"sub-120",3868,1985,7687,2875,1422,13899,15305,13332,3567,12955,7707,6811,5927,15517,2645,3217,4921,2280,3627,1660,8243,4501,11253,11981,2686,19501,32235,12798,16601,12304,1459,1804,1148,6203,1220000,1640000
"sub-125",3347,1250,7418,2510,1114,8702,10713,9424,1902,10751,5965,5731,4351,11156,1890,3527,5451,2285,3629,1608,9924,2706,11927,9194,2487,14540,22810,10765,13893,12745,1005,1576,1418,6501,1030000,1350000
"sub-126",1829,1156,5203,3068,1600,7910,9695,8505,3337,11468,6719,6073,5141,8658,1895,2698,3934,2173,3481,1791,9279,2210,12497,8520,2471,16523,23697,10542,11525,10465,975,2253,1261,6524,1100000,1540000
"sub-127",1975,1197,4008,1698,960,6945,8317,7566,1859,8147,5006,4063,3705,7569,1562,2827,3562,1439,2817,1127,6732,2546,8689,7251,2320,10490,17065,10113,10169,8744,749,2035,938,5552,864238,1080000
"sub-132",4284,2688,8268,2437,2386,13356,16405,15840,3780,15863,8232,7334,6249,15515,2464,3298,7408,2499,5669,1925,13123,4001,15527,10942,3239,18103,26947,15814,18399,18036,958,2551,1430,8753,1760000,2020000
"sub-135",2107,2036,4981,2655,2268,8749,11705,10828,2422,10661,7682,6463,5174,11152,1804,3829,4667,2667,3182,1601,10267,3385,11930,8249,3267,13348,19670,12806,11274,11323,857,2478,974,6124,997346,1360000
"sub-142",1906,1354,5226,2090,866,7850,10103,11048,1450,10694,6871,4110,4505,11044,1486,3073,4748,2781,3234,1341,8867,2246,10199,7635,2454,14662,21563,11424,12199,10530,757,1745,1236,6742,1020000,1450000
"sub-143",2420,2461,6526,2600,1500,10987,11180,9239,1445,8847,6897,5730,4499,10554,1922,3491,4542,2442,3348,1608,8284,2512,11866,9449,3196,15972,22931,11609,13712,13463,620,2974,1243,7504,1190000,1560000
"sub-144",2318,1708,4463,2995,1696,8904,10542,9165,2456,10442,6524,6649,5335,9526,2190,2878,4786,1913,2656,1957,8420,2696,10244,9059,2306,10186,15384,13112,11885,9527,1014,2527,970,6104,945422,1260000
"sub-145",2245,1684,6815,2107,1560,9205,13062,8990,2579,11187,7692,5027,4953,9558,2022,2982,5712,2495,4535,1512,8676,2342,13133,9386,3408,17739,22637,14017,13181,10749,955,2392,1284,7029,1210000,1660000
"sub-147",2707,1005,6125,2748,1989,8458,10823,12262,2605,12203,6631,5883,6150,7783,2130,2496,3827,2389,3347,2041,7395,2918,11830,8676,2219,18412,22015,12379,10012,11248,1035,2816,1207,6329,1100000,1500000
"sub-149",2729,1167,6931,2209,1583,9209,10072,8589,1783,9328,7067,4480,4904,9332,1951,3911,4276,2435,3728,1418,8370,2570,12600,7322,3056,14385,27247,10047,13680,11728,1130,2053,971,7298,1090000,1320000
"sub-152",2940,1736,7278,2521,1520,11287,12288,9030,2409,11352,7057,7908,5030,11916,1915,3552,4737,2166,4134,1446,10613,2633,14422,10677,2262,16789,25165,13549,13833,13234,1034,2164,1298,8086,1120000,1540000
"sub-154",2466,1299,6018,3239,1942,10095,13817,14324,2494,14757,8036,6010,5359,12310,1938,3151,4209,3098,4050,1643,9552,2407,15699,10094,2393,17351,26011,15927,14302,12231,799,2441,1098,7504,1230000,1690000
"sub-155",3647,1530,6615,2481,2289,11704,12383,13393,2625,11062,7217,6123,6174,11279,2596,3683,6368,2380,3909,1316,10920,3160,14804,8029,1760,15657,21738,11881,11843,16198,926,2085,1127,8579,1060000,1150000
"sub-016",1775,1663,5267,4039,1997,9995,9918,10177,3036,11435,7292,5450,4613,9571,1931,3151,4445,1868,3564,1996,9184,2934,13304,8331,2311,14366,21930,14040,11084,13649,998,2299,1067,7407,1100000,1430000
"sub-162",2330,2131,7485,2933,1869,7459,12264,10781,2559,11560,8030,6716,6028,9689,2208,3896,5417,2599,3372,2088,10321,3131,13368,10502,2970,16387,21907,13618,10903,9605,1350,2345,1088,6607,1080000,1480000
"sub-164",2078,1043,3757,2782,1960,8600,8893,8698,2066,9937,6755,5327,5180,9874,1967,2788,3404,2067,2898,1839,10667,2376,11833,8650,2123,10516,21923,10026,12281,11692,971,3066,1222,6784,987407,1300000
"sub-176",2212,1532,6238,2386,1419,8302,13335,9060,1966,11565,7709,5008,5638,9992,1740,3499,4777,2560,3342,1687,7951,2499,12005,9151,2711,15654,25059,12604,12829,8422,945,1820,1167,7445,1190000,1640000
"sub-185",2084,1644,6163,4853,2110,8930,11243,11637,3016,10803,7755,6780,5091,10670,2758,3060,4527,2073,3281,2308,9846,2625,14682,9101,2619,16712,23457,12159,13158,10837,1239,2953,1213,6585,1070000,1400000
"sub-186",2036,2222,4252,2079,1035,7587,8505,9413,2297,9514,6337,5073,5165,8069,1192,2388,4113,2038,3514,1334,6737,2949,10213,7916,3329,12444,18360,11879,11756,8939,1089,2263,1219,6847,959288,1460000
"sub-197",1771,1557,5139,2786,1753,8713,8390,8145,2288,9516,6650,4466,4326,8769,1798,2413,4360,2356,3545,1765,7833,1960,10910,7971,2282,15972,19539,12597,12114,10234,1288,2209,1044,7634,1010000,1290000
"sub-199",2468,1858,7111,2685,2115,8968,10864,11907,1919,11815,8791,6864,5177,11666,1927,4685,3628,2850,2816,1697,10475,2956,14154,9158,2610,14672,22418,13847,13087,12366,994,3701,1105,6829,1050000,1300000
"sub-201",2085,2302,6214,2723,1730,9791,11720,11992,2382,13364,7105,7639,5511,11396,1911,3415,4696,1836,4262,1565,10425,3178,13127,8763,3014,17570,22069,12128,12093,12013,1117,2501,1398,7388,1180000,1760000
"sub-203",1745,588,4870,2143,1522,7398,8523,8805,1770,7658,6950,5127,5603,10061,1835,2574,4286,2358,2967,1477,7228,1587,10562,7365,2036,11948,16311,9575,7773,9763,1314,2168,683,6073,886882,1170000
"sub-207",1869,1255,4441,1641,1141,7752,7880,8591,1782,8930,4814,4217,3930,8138,1815,3571,3655,1918,2617,921,7113,2048,11637,5730,1345,11345,17218,8113,10378,9014,584,2470,919,5784,877423,1140000
"sub-208",2464,1294,5733,2813,2012,9916,13484,10357,2432,12132,8257,6680,5320,13665,1984,3322,5175,2206,3182,1896,10911,3159,13395,9846,2213,17788,24250,14246,11147,11309,985,2815,978,6711,1160000,1520000
"sub-215",2212,2134,5303,3757,1688,10216,11476,10786,2769,10255,7705,6067,5839,10414,2056,4512,4449,3198,3622,2174,10642,2956,14990,9607,3375,15400,24323,14829,12340,11554,1338,2945,1318,7520,1090000,1420000
"sub-217",1782,1680,5424,3164,1756,8158,10225,10227,2378,9545,6832,6292,4428,7735,2017,3439,3524,2303,2833,2357,9635,3150,11887,9751,2786,13818,24120,11518,11427,11870,956,1892,1258,6572,1010000,1430000
"sub-219",3495,1698,6772,3148,2040,10695,15210,13237,2122,13302,7951,8322,7038,12200,2839,3795,4729,2862,3737,3368,9647,2793,12964,10493,3481,16121,24730,12350,13485,11724,978,2553,964,7154,1240000,1700000
"sub-222",2440,1561,5684,2396,1714,8971,10267,7865,2495,9435,5428,6558,3411,8283,2278,3583,4199,2572,3551,2391,7198,2863,12219,9015,2323,12990,21323,12023,11039,10919,615,2077,896,6554,992910,1270000
"sub-227",1679,1462,5460,3087,1106,7158,7986,8700,2072,10010,6164,7830,5166,9242,1597,3565,4175,1559,3316,2404,9089,2690,11291,8402,2049,11721,19675,11574,9860,9909,1038,1542,1114,6575,1e+06,1080000
"sub-229",1979,2412,6585,2353,1776,9051,10819,8095,2163,10662,7150,5598,5017,7922,2193,3607,4450,2857,3467,1167,8597,3104,11308,8301,3484,16185,18810,11623,10828,9466,552,2490,982,6870,1010000,1120000
"sub-023",2374,1560,5094,2788,1653,9010,12736,13978,3324,13067,8345,5951,4969,10115,2068,3237,4805,2762,3539,1268,8532,2740,14258,9375,2784,14042,21541,12403,11829,10768,1192,3179,965,7489,1050000,1360000
"sub-236",2307,1748,5380,3032,1346,7727,10194,9022,2288,11818,7467,5792,5016,9912,1729,2987,5757,2376,4390,1854,8553,2624,11832,9150,1819,16419,21910,11533,13007,12798,830,2365,1547,7097,1140000,1520000
"sub-240",2320,1558,6403,3602,1488,11275,12807,11030,2604,10824,7364,5372,6670,11661,1590,4768,6286,2727,4898,1868,12205,3961,13076,10585,2024,15633,25262,15185,13611,11912,1351,3150,1238,7524,1150000,1570000
"sub-246",2685,1602,6329,2624,1580,10497,13949,10401,2334,12044,8459,5334,6010,10878,1969,4743,6338,2531,4077,1402,8986,3674,12921,10159,2892,17906,24502,13618,12785,12933,951,2916,1440,8226,1210000,1810000
"sub-250",2105,2259,5667,2530,1365,7586,9465,10563,2113,10323,6610,5365,3709,10031,1622,3127,4618,2456,3271,1372,10539,2741,12179,8396,3135,15918,20396,9928,11994,9732,833,2088,1112,6998,1050000,1470000
"sub-251",1854,1286,6350,2193,1548,7988,10829,8059,2789,11126,6730,5360,4284,9638,2265,3194,4571,2619,4121,2131,10539,2038,14007,9891,2772,16791,23602,12206,12928,10048,805,1909,1420,8793,1050000,1600000
"sub-026",2580,1803,6810,3285,1288,7930,10459,10411,2828,11992,7661,8234,4520,11731,1614,2905,5314,2842,4063,2425,8991,2555,13163,9110,3067,18639,26758,10746,12793,11988,570,2322,1106,7203,1160000,1410000
"sub-263",1751,388,5155,3239,1051,8445,10568,8430,1556,10397,5775,5769,4663,7801,1537,3086,4420,2716,3849,1985,7856,1418,11866,8104,1407,12976,19950,10951,11720,9050,1001,2612,1205,5655,992203,1490000
"sub-264",1942,1427,4253,2184,1395,6232,8726,6615,1669,8908,5896,4285,3641,6830,1718,2782,2629,1653,2091,1159,7598,2324,11217,6637,2205,11071,17116,9158,9669,8758,829,1921,726,5230,855774,871677
"sub-267",2317,2428,8782,3147,2139,10390,12931,13045,3450,14660,9106,8115,4994,11914,2518,3741,6989,3181,4894,1813,10290,3688,16203,11654,3460,17433,22900,12526,12848,12165,432,2030,1198,8849,1270000,1660000
"sub-270",2238,2469,5082,2394,1470,9177,12992,9786,2172,11983,6436,5002,5396,10122,1461,3491,4782,2803,5149,1457,9895,3837,13397,9745,2404,15364,27539,13218,12719,10941,718,1811,1502,6321,1060000,1420000
"sub-273",2177,1719,5814,3580,1816,9162,12549,11846,2346,12758,7152,5778,4841,12522,1967,3738,3917,2460,3501,2174,8962,3278,11584,10333,2603,16607,20563,14511,10906,11825,1138,2187,1133,6397,1020000,1300000
"sub-282",3277,3224,7062,3167,2030,11875,14302,10753,2474,10233,8590,7333,5462,12003,2283,3612,5173,2745,4477,2624,10494,3238,14986,9206,3709,20865,26185,12629,13950,14576,1128,2522,1137,8520,1240000,1490000
"sub-029",1915,1453,4914,1898,1765,8642,10239,11174,2352,9676,6989,4935,5238,9221,1728,3175,4437,2381,4501,1619,10284,2532,12625,8878,3003,13069,20509,12380,8412,10161,1065,1996,1138,6410,1040000,1490000
"sub-290",2413,1340,7504,2695,1589,10045,13226,8834,2417,11415,8672,4693,5670,11774,2079,3530,4767,2290,3517,1620,8515,2967,13037,9300,2611,16479,22818,10619,11620,11989,1008,2260,1346,7889,1150000,1590000
"sub-300",2658,2260,6544,4119,2270,12273,11332,12779,2008,15467,8448,8117,5590,12173,1969,3392,6631,2886,4406,2659,12666,3431,14849,8835,2890,17389,22791,11804,13450,11238,789,3120,1341,8846,1290000,1740000
"sub-303",2458,1967,6501,2952,1728,9148,11589,9698,2238,9783,6704,5001,5578,9242,2160,3824,4654,2388,3766,1842,8755,2883,12936,8500,2746,13821,22414,11649,14126,11814,735,2608,1329,7380,1110000,1450000
"sub-305",1563,1608,5973,2167,1230,8536,8426,8980,1999,9589,6641,4769,4400,9172,1852,3143,3321,2063,3683,1210,7280,2494,11570,7460,2244,14358,18931,11288,9482,7776,773,1991,1042,5548,978322,1400000
"sub-031",2193,2111,5021,2969,1070,10144,12293,10717,2725,12076,7732,5244,4189,9940,1908,3157,4033,2852,2948,1574,8901,2961,12814,9779,2872,15276,19327,14160,10773,10489,938,2656,1542,6952,1050000,1530000
"sub-311",1960,1757,5083,3479,1447,9507,10021,10660,2221,12192,8395,7197,5439,10621,1977,3266,4912,2720,5236,2686,8593,2757,12627,8972,2469,18351,25890,11925,13953,10854,1165,2477,1427,7975,1050000,1450000
"sub-314",2395,2448,6055,3347,1980,11219,13089,11247,2768,14495,8969,7596,5695,10310,2162,3365,5665,2799,4608,2185,9916,3511,14424,9416,3568,15734,26810,11337,15004,13456,1528,2533,1230,8561,1240000,1680000
"sub-317",2086,1616,6571,2184,2240,7645,9915,10189,1962,11071,7063,5024,4841,9523,2186,2765,4614,2180,3249,1602,8630,2679,11978,7666,2875,14078,20755,10984,12051,7944,1006,2260,910,5821,1050000,1170000
"sub-324",1857,1505,5934,2652,1430,9679,11461,11235,2368,11414,7062,6205,6387,10984,1780,3552,5866,2400,4852,1682,11257,3499,14147,9312,2378,14884,24163,12267,13350,11177,956,2819,1019,7457,1150000,1670000
"sub-325",2586,2199,5555,3311,1713,10847,12144,10963,2691,13924,7030,8797,4805,10817,2150,3518,5645,2836,3847,2037,8924,3244,13218,10105,2930,12770,21110,13837,12139,10433,848,2996,1062,7369,1060000,1300000
"sub-327",2635,1799,5859,2538,1057,8449,9317,7195,2415,10553,5937,6503,4999,7139,1469,2790,4049,1848,3246,2082,7537,2693,11245,8915,2156,13151,22381,11999,10576,10171,814,2377,1352,6443,1010000,1350000
"sub-033",2448,1461,5355,2980,1708,9396,11533,10250,2508,11297,7179,5931,4571,10426,2198,3672,4858,2422,4575,1931,8182,3218,12731,10370,2184,14860,23378,13424,10397,12347,1023,1925,845,8003,1170000,1700000
"sub-332",2343,905,4654,2256,1316,7681,9973,8045,2323,9629,5552,5248,4689,8343,1808,2576,3942,2030,2883,2089,6263,2325,8810,8118,1407,11527,17484,10725,9158,10451,1134,2175,637,5361,851368,1220000
"sub-334",2351,1722,5360,3188,2139,9656,10807,13749,2669,12614,9565,7424,6987,14268,2277,3558,4777,3078,4590,2005,8847,3514,13226,8806,3044,19854,26494,11758,12330,11710,1119,3055,1244,8257,1200000,1730000
"sub-340",2761,1049,3970,2180,1252,7918,10296,7214,1731,9762,5694,5713,3861,9140,1636,2335,3397,1856,2374,1166,7309,1536,9970,7439,1257,12616,16353,10425,9383,9653,760,1285,1107,5013,952489,1330000
"sub-346",4035,2622,7185,3815,2430,11434,14060,14191,2914,14174,9543,8176,6577,14258,3072,4274,4812,2954,4221,1995,10862,3990,14726,10435,3926,21149,26985,12563,16270,12956,858,3595,1230,8072,1300000,1530000
"sub-348",1545,1985,6563,2912,2106,10398,9978,9325,2462,14012,9305,6641,6156,9650,1890,3446,5379,2298,3990,1941,8823,2446,11926,10374,2845,12461,21523,14166,12202,11335,1026,2641,1104,7178,1070000,1410000
"sub-349",2870,1563,6000,3289,1939,11349,11979,14575,2566,10609,6959,5348,4831,12119,1839,3536,4500,1973,3857,2243,10218,2635,10610,9063,2620,13639,22950,12351,13756,12507,788,3114,1447,7825,1130000,1450000
"sub-354",1926,1028,6079,2888,1709,8565,10128,9515,2559,10114,8125,6396,5073,10541,1765,3373,3877,2281,2680,1646,9767,3055,13866,9572,1780,13246,22149,13989,10613,9864,1143,2934,983,6359,1040000,1410000
"sub-356",1717,1864,6809,2134,1249,8352,9443,7675,2302,10270,6461,5871,3996,8508,1747,3683,4070,1951,2971,1413,7859,2965,12129,7929,2526,12999,21994,10419,10589,8282,1011,2058,970,7198,971755,1e+06
"sub-364",3572,1236,5557,3384,2139,10424,13625,12729,2324,13884,7057,6956,4777,11547,2188,3544,3794,2054,3137,1778,10106,2775,15313,9498,2700,12252,24893,13392,12979,12808,918,2600,1250,7089,1160000,1370000
"sub-366",2474,1365,8347,3451,2960,8024,13930,11775,2141,13590,8137,5514,5091,9791,2854,4401,6113,2864,5604,3305,11576,3168,16602,11473,3758,22278,31973,15138,15542,13469,1267,2836,2037,9130,1330000,1780000
"sub-368",2111,950,5158,2345,1386,6673,9550,8590,2191,10423,6553,4356,4471,8270,1131,2668,3868,2244,3630,1476,7639,2511,11623,8919,1855,14312,19354,12645,9854,9957,1074,1565,1228,6740,1e+06,1440000
"sub-372",2064,1310,6136,2272,1582,7863,7624,7639,2057,9610,5535,5044,4457,8440,1517,2324,4908,1329,3248,1494,7742,2360,11517,6372,1674,11654,19274,8303,10668,9190,1000,2902,1393,5907,914494,1370000
"sub-374",2669,1162,5850,2957,2156,11217,13376,12968,3798,12120,9173,7948,5664,13772,2409,3125,5986,2889,4753,2206,9552,3568,15995,9177,2746,15398,23925,14395,14475,12669,1122,2913,1113,7725,1200000,1640000
"sub-375",2963,2740,5642,1844,1260,9811,12617,11908,1812,10397,7745,6724,5382,11286,2049,3412,3466,2712,2701,1248,10282,3103,12983,8270,2680,14408,23227,11524,12598,11142,956,2082,1211,7074,1080000,1550000
"sub-376",1522,619,6014,2601,2089,6852,8902,11754,2056,11479,6809,6278,4384,10022,1691,3118,3952,2434,3130,2423,7887,2186,10151,8196,2362,15008,19708,11068,10717,9702,1276,2530,941,6137,941934,1350000
"sub-378",2651,1759,7561,1849,1016,8445,12392,10335,2563,10568,8321,5806,4986,11189,2176,3485,5841,2920,4435,1190,10728,3194,16167,9726,3147,15482,26583,14845,12971,12690,1088,2098,1345,7044,1120000,1560000
"sub-038",2707,1867,9193,3038,1779,10693,10556,10789,3240,12081,8906,7199,4739,12123,2561,3135,5974,2789,4411,2098,9658,3297,14456,11715,2832,17922,27889,11176,13358,11546,879,2588,1296,8396,1150000,1440000
"sub-380",1985,1525,5707,2655,2508,7350,10302,10317,1787,10966,6932,5649,4791,9247,2061,3083,4800,2489,4354,1681,8945,2808,11339,7780,2355,13252,21475,10284,11660,9353,806,3005,1192,7378,1090000,1530000
"sub-382",1666,1554,7280,2595,1796,8087,10440,11876,2712,13080,7563,4753,6028,9751,1985,3230,5571,2549,4240,2092,9440,3310,13067,9236,3169,16042,24402,12247,11528,10845,1333,2784,1262,7413,1090000,1570000
"sub-385",1960,1139,5806,2120,1383,8326,9750,7947,1831,9691,6767,5613,4858,8309,1896,3579,4058,2356,3439,1445,8273,2422,12684,7039,2069,12514,20043,10643,10280,9103,1055,2610,901,5866,958688,1410000
"sub-387",1949,2306,6445,2432,1624,8798,13564,11416,3094,10532,8265,5904,5657,11131,1678,3305,5522,2718,3861,1633,10356,2988,12920,10603,2801,14716,20777,14478,11241,12448,608,2814,1522,7006,1190000,1550000
"sub-388",1906,2389,6449,2752,1324,10060,13297,12747,3040,13542,7263,5586,5017,11341,1773,3821,5355,2479,4244,1868,11972,3220,13155,11152,3188,18349,22289,14499,10747,12213,669,2144,1533,8609,1320000,1370000
"sub-389",2344,1429,6933,3536,1871,11306,11871,12188,3304,16042,8270,7637,6168,12405,2087,4267,5593,2457,4303,2162,10747,3952,14112,11773,2368,15021,22516,15394,14595,13738,1195,2622,1438,8170,1210000,1590000
"sub-039",1219,1210,4624,3277,1575,7189,9301,9215,1698,10397,5732,6328,4115,7734,1278,3243,2736,1900,2358,1983,7960,2635,11352,7549,2266,10952,17680,10887,9145,7275,829,2056,848,5329,866721,1210000
"sub-394",1316,1066,5321,2529,1480,8399,8886,10753,2213,10737,5783,5419,3639,7086,2131,2361,4015,1894,4045,1792,7326,1989,9534,6260,2183,11591,18308,8646,8365,7807,644,2502,911,6448,953268,1480000
"sub-397",2163,1232,5831,2915,1068,9265,9410,9421,1925,11450,6556,6241,4431,9121,1598,3161,3525,2161,3089,1762,8455,2695,11840,8773,2210,14526,22938,11834,10881,11144,741,1520,1092,6172,1070000,1340000
"sub-399",1629,2213,7014,2475,2202,9516,9266,11616,2682,9257,7489,6374,5218,9292,2211,2983,4067,2292,2760,1582,7445,2778,11565,9835,2315,14708,20695,14120,10641,12654,924,2303,1216,6275,1020000,1390000
"sub-400",1854,778,4626,2450,2085,6616,10040,7861,1834,9596,5328,4288,3944,8428,1620,2358,2775,1849,2352,1129,8644,2250,10655,6392,1109,9978,16701,9394,9359,8105,1181,1897,972,5719,893706,1300000
"sub-401",2229,2057,5916,2847,1675,8095,13744,10333,2375,11026,7664,7332,5296,10369,2299,3578,4892,2346,3226,1745,8720,3007,11802,8540,2682,13239,23448,11138,10124,9170,855,2348,856,7505,1130000,1600000
"sub-405",3292,1228,7484,2213,1495,9400,15561,14052,2158,12349,7399,5836,5301,15187,1968,3330,5445,2652,4246,1698,8432,3551,13551,9593,3400,17808,26018,14375,15864,11479,1152,1485,1279,8736,1170000,1700000
"sub-406",2218,2663,7548,3497,2254,10339,14615,11910,2648,12569,8092,6092,5362,10050,2563,3996,4700,2720,4058,1809,10976,3335,14283,10817,3402,14778,22726,15921,11779,11141,1166,2892,1172,6709,1050000,1390000
"sub-407",2578,1207,5944,2558,905,9113,11053,10479,1859,10658,6120,4383,4462,9798,1969,3321,4833,2660,3825,1598,8167,2647,11322,8983,2192,14475,22053,11551,12462,10737,614,1391,1402,6311,1080000,1500000
"sub-408",1894,1876,6147,2464,2018,9716,12219,10928,2316,11305,7501,6233,4942,8927,2219,4367,4379,2368,3301,1511,8836,2687,13642,8643,2256,13360,22208,14558,11994,9098,1175,2178,1059,6159,1050000,1390000
"sub-041",3662,2809,9963,3753,3583,12038,14176,11152,2745,13831,8189,5889,6200,15408,3091,4126,5673,3358,4038,1868,11692,3329,16254,9982,3163,19835,32954,12563,15159,13839,912,1892,1152,8458,1230000,1540000
"sub-413",2402,1716,7317,3556,1851,10030,9287,10314,2052,11338,7554,6499,5837,10057,2095,3335,5221,2227,4096,1787,9289,2725,13412,7863,3004,13404,21309,11530,12125,11824,1079,2540,1217,6872,1030000,1210000
"sub-417",1934,1542,3888,4244,1572,8723,9825,11202,2699,11235,6778,8137,5133,10874,2309,2780,3591,2410,3613,2737,8770,2774,10798,8521,1985,15283,22032,13805,10649,11079,938,2705,908,6948,1110000,1540000
"sub-425",2071,1655,8005,3719,1892,10019,9135,9221,2854,13897,8589,7144,7437,11829,1684,3817,5360,2550,5226,2129,9732,3196,15112,10873,2999,19803,27391,15093,12725,14674,713,2708,1233,7358,1270000,1730000
"sub-426",2659,1543,7487,3327,1542,8030,10575,9066,2306,11233,8275,5927,5834,10336,1747,3448,5450,2475,2938,2008,10928,2669,14712,9544,2825,18585,25278,12388,13038,12687,1154,3314,1488,7795,1140000,1690000
"sub-427",2242,1084,5249,2877,1017,8360,8464,10430,1607,9451,6383,5648,5506,9843,1676,2787,3510,2269,2700,1499,9141,2042,10271,9046,1498,14240,18843,12166,10654,10985,749,1698,1007,6681,1060000,1510000
"sub-043",2779,1384,4725,2119,1115,7583,8998,11518,2044,9867,6549,4547,5086,10644,1544,3372,4296,1956,2672,1293,9272,2780,11235,7827,1818,14620,22861,10179,12898,11388,942,2167,1172,6453,1040000,1500000
"sub-430",2198,1890,5737,3538,1564,10367,12693,10321,2675,13672,8231,6000,6350,9318,1740,3134,4740,2557,4235,2157,8546,3035,11914,10297,3795,20226,23228,13227,11862,13293,1244,2534,1458,8541,1260000,1870000
"sub-432",2428,2086,8271,4019,1717,10620,14128,13168,3064,13588,9274,7675,6558,14285,2366,3622,5845,3258,4163,2441,11625,2878,17897,11015,2788,19575,25983,15877,14493,10874,966,2832,1113,7540,1250000,1620000
"sub-437",1979,1701,5589,3035,1405,8538,8944,7766,2258,10638,7273,4690,4977,9459,1762,3388,3661,2514,3613,1442,7325,2392,12983,8498,2259,13634,20012,11166,12259,8860,1046,1539,1300,5927,986438,1410000
"sub-445",2231,1745,6127,2459,784,7128,8818,8133,1854,8940,5792,5245,5016,8570,1607,3071,4544,1817,3256,1504,8028,2305,11025,8641,2062,12627,20230,10685,9474,10220,1131,2009,911,5717,965406,948105
"sub-446",1773,1852,4368,1880,1107,6045,7815,8849,1313,8030,6944,3424,4982,8708,1692,3701,2929,1934,1990,1753,11402,1666,11912,5922,2604,10712,18255,10741,9703,14346,843,2129,1020,6638,976244,1280000
"sub-045",2230,1941,5478,3440,2069,8366,10479,9061,2387,11460,7008,6701,4744,9216,2351,3055,5941,2554,3879,2388,9600,2272,10155,9433,2866,16257,19217,12874,10587,9611,839,2439,970,6476,1050000,1430000
"sub-450",3006,1462,8997,4107,2291,13032,13086,13769,3763,13640,8805,8349,5577,11788,3338,2995,4376,2521,3903,2872,13491,3651,15339,12506,3187,19646,33840,13879,16319,16976,1357,3303,1273,8545,1270000,1780000
"sub-451",1801,1177,5003,2799,1332,6776,10334,8336,1847,9711,5856,5116,4175,7757,1561,2942,3665,1480,2665,1390,7340,2376,11043,8124,1429,13286,18962,12213,10534,8170,778,1509,1097,6326,944328,980210
"sub-455",2976,1349,5306,2197,1694,8461,11287,8311,2665,9173,6729,5026,5380,9640,1812,2951,4435,2209,3958,1536,8386,2254,12096,9430,1836,16243,20736,12321,10163,10930,973,2348,1057,7272,1090000,1570000
"sub-460",2803,1460,5382,2504,1383,8736,12202,11112,2045,11929,7582,5371,5306,11549,1331,2881,4749,2706,3269,1310,8509,2312,10122,8904,2214,14289,18803,10651,10274,9314,885,1739,971,7060,1060000,1550000
"sub-461",2001,1504,5665,3376,1678,7013,9566,10325,2799,11673,7111,7704,6269,10313,2377,3257,4053,2990,4571,2555,8174,2134,10448,10316,2592,14419,21689,13210,11627,11652,783,2116,1291,7516,1090000,1630000
"sub-048",2223,1692,5243,2240,1343,9089,9991,10630,1933,9036,8644,4482,5772,10407,1581,2480,4066,2380,4112,1212,8879,2307,12064,8490,2153,15703,21834,10103,11715,11723,921,2502,1105,6952,1090000,1820000
"sub-049",4523,2467,6513,3265,1532,9777,14420,13872,2819,13987,8280,6496,6403,14161,2016,4106,6699,2516,4554,1540,11072,3845,13364,10736,3275,16921,22444,12578,14459,13719,813,2615,856,7307,1330000,1520000
"sub-005",1743,1632,7566,3235,1965,7687,10783,9673,2580,12625,8309,6686,5576,11277,1642,3806,5162,2996,3281,2200,8615,3137,12352,8910,2959,14055,23889,13973,10665,11134,920,2362,1201,6879,1100000,1450000
"sub-055",2273,657,6271,2968,1358,7829,10980,10335,2407,13286,6749,5700,5268,9775,1675,2969,3584,2554,3269,1918,8781,2261,14289,9451,2210,16576,20348,12422,13640,12589,1144,2405,1353,7319,1120000,1630000
"sub-056",2377,2216,7763,3335,2514,10265,12774,12558,3279,12751,8456,7765,5539,11435,2357,3817,4207,2111,3068,2741,10397,3393,13422,10780,3136,14696,23530,13590,13848,12668,945,2295,1112,7895,1210000,1650000
"sub-060",2941,1744,6732,3084,2245,12555,12906,13845,2993,12559,8429,7406,5788,14267,2387,4288,4565,2460,3319,1992,11840,3389,14892,11020,3760,17686,27127,14029,13860,11396,1025,2625,1145,7625,1220000,1540000
"sub-061",2125,1262,5949,2819,1865,8182,9205,11948,2184,8354,8063,4875,5817,11230,2014,4002,4966,2233,2900,1286,8093,3171,11775,8872,2756,12976,23047,12085,12639,12029,902,2190,1302,6793,1090000,1430000
"sub-064",2578,1241,5798,2575,2202,8157,9788,12003,1771,9339,7175,5255,5336,10730,2306,2754,3682,2294,2821,1948,7336,2398,11840,7862,2165,14642,20336,12050,12587,9878,1039,1961,999,6671,1030000,1560000
"sub-068",2027,1152,4810,2099,1726,8529,11149,8438,1998,9460,5806,5251,4473,8843,2354,3255,3515,1824,2605,1215,8066,3126,12163,7162,1819,11076,18905,9809,10148,11469,495,2233,1180,6108,1e+06,1400000
"sub-007",2305,2176,6461,2934,1537,8866,13223,10168,2516,9022,7363,5699,5530,10794,1831,4213,5262,2300,3665,1960,9466,2843,12961,10212,2817,15071,21295,14209,10345,10712,1191,2445,1051,6001,996982,1250000
"sub-089",3289,2446,7071,3737,2268,9072,13600,11367,2832,14224,10628,8409,7091,11661,2147,3815,4877,3842,4276,3014,10662,3213,14110,10550,3218,22493,27206,15153,14466,12105,1654,2396,1093,6656,1250000,1530000
"sub-090",1823,1057,6553,3927,1384,8641,8409,8015,2172,11883,7077,7540,4896,8072,1961,3541,4124,2636,2611,2323,9398,2413,14914,9749,2781,15282,26561,13307,15240,12430,1464,2619,1486,7374,1090000,1570000
"sub-092",2657,1512,8469,3957,1843,10177,13789,14466,2734,14804,8687,6743,6232,13448,1954,3823,7222,2273,6181,2320,9803,3920,13706,11463,2693,18149,28704,15763,17399,12225,940,2568,1456,7601,1280000,1660000
"sub-093",3200,1820,9509,3496,2051,11711,16910,13097,3698,13752,8889,7076,6378,13767,2188,4007,6201,2567,4217,2288,13537,4451,14589,11624,3484,17267,27726,14303,17082,15545,930,2921,1827,8753,1250000,1640000
"sub-095",2576,1414,5944,2981,1849,8860,8404,11836,2610,8903,7238,7574,5773,11765,2290,3240,6246,2451,3716,2419,8192,3189,9640,8714,2076,19987,27713,9762,13155,7427,1377,2369,1150,6360,1020000,1320000
"sub-096",2125,2057,5429,2530,1844,7487,10798,9211,2160,9633,7347,5081,4620,9365,2090,3123,5216,2025,3768,1950,8019,2919,12972,8477,2904,11651,18770,11661,11693,10368,639,3358,1023,7855,1060000,1470000
"sub-097",3603,2417,6964,2698,2038,10412,14023,10574,3218,10867,8145,6622,6028,10451,2242,3985,4757,2667,3561,1325,11369,3622,15375,11179,3517,16222,25776,13651,12356,13366,1102,2704,1124,7954,1260000,1880000
"sub-911",2455,1890,7754,3183,1846,10331,12607,13887,2602,12643,7749,7358,5608,13080,2225,5115,4695,2252,4246,1588,9299,3556,14362,8707,2013,19331,25723,15042,14845,13317,796,2133,1262,7049,1316940,1685590
"sub-912",2324,1744,4821,2381,1423,9424,9798,9138,1899,10678,5855,4847,4556,12074,1756,3181,4203,2363,3037,1670,9164,2313,12094,8325,2068,14787,21746,10383,13114,10771,760,2002,1384,7011,1089560,1323870
"sub-940",2099,2095,5752,2923,531,9162,10897,9869,2275,10948,7478,6751,4477,11131,1884,3423,4722,2594,3431,1561,9833,2634,11449,8476,2486,15138,22195,11276,13971,11895,671,1695,1333,7127,1071260,1047400
"sub-954",2352,1348,6345,2684,1144,9532,10111,7218,1831,9764,6714,5678,4952,9352,2118,3268,3460,2036,3125,1359,9194,2770,13750,8296,2701,14144,23284,10888,14104,10206,724,2328,1243,7068,1020030,1398580
"sub-913",2530,1724,6810,2990,1532,9540,9589,10116,2014,11549,6549,4912,5221,9788,2041,3465,4639,2220,3992,2094,9013,2976,12193,8569,2461,16299,24107,12802,12465,12183,1255,2224,1274,6931,1066030,1526030
"sub-919",2516,2503,6223,3246,2421,9913,11644,9000,2851,12570,8065,7291,6018,10270,2083,3640,6578,2657,4189,2660,10793,2936,12871,9254,3395,17181,23654,14284,13913,14055,1090,3060,1090,7322,1192820,1656580
"sub-928",3083,1584,7171,2590,1781,10388,12609,10590,2567,10834,7438,5145,5197,12554,2136,3895,5629,2429,4192,1528,9304,3270,14015,8637,3451,17680,27938,11604,15468,12831,964,2930,1383,7908,1212400,1582200
"sub-951",2265,1990,6782,2677,1241,8567,11678,9041,2080,10810,5864,5867,5098,9502,1756,2969,3610,1737,2803,1661,7845,2246,12638,8950,1837,13578,20107,12635,10363,12529,698,2379,1095,5722,1070690,1239120
"sub-969",2269,1330,4443,2700,1764,9692,10874,8468,2076,12166,6161,5185,4896,9160,2404,2706,4462,1755,3431,1652,9297,2253,12036,7752,2412,11889,17783,10508,10284,9115,1048,1922,917,6067,1009590,1487250
"sub-978",1780,1327,6073,2633,1667,8756,10421,10592,2479,11856,7683,7079,4888,9671,2134,3123,5113,2242,4049,1581,8498,2505,11543,8324,2433,15520,21139,12818,11065,9247,1144,2438,993,6605,1072680,1294830
"sub-991",3822,2027,9213,3857,1388,10974,14898,10390,2804,13954,8104,7294,6210,11702,2283,4301,5711,2325,4599,2657,11487,3145,15909,10259,2987,17703,30178,11972,11745,10806,1041,2781,1382,7348,1254670,1641350
"sub-980",2422,1816,5697,3215,1325,8883,11358,11308,2811,11462,7466,5778,5499,11213,1893,3089,3856,2425,3840,2119,8432,2769,11784,8813,2213,14987,22525,13588,11532,10162,908,2003,977,7028,1100800,1553310
"sub-985",1757,1251,6937,3050,2053,10077,9236,11890,2546,12080,8311,7440,5641,10127,2332,3142,5999,2726,4169,2172,10476,2881,12784,10147,3356,13445,24469,13633,13489,11014,1184,2752,1124,7663,1186750,1540140
"sub-997",2125,1476,5981,3110,2496,9127,12078,9437,2321,16299,7938,7150,5279,10689,2176,3336,3916,2271,4122,2168,9390,2900,12741,9655,2804,16219,22801,11792,14047,11590,1253,2702,972,7158,1221540,1689380
"sub-903",2806,1379,6685,4388,2032,11227,12694,12034,2455,17229,8490,8048,5622,13275,2005,3612,5372,2921,5078,2369,9841,3411,13433,10099,2786,19251,26576,15020,15685,10994,1106,2704,1177,7223,1308770,1800000
"sub-906",2190,1679,5450,3456,1851,8290,9789,10261,2002,11248,7049,6449,4943,10362,1783,2874,3340,2115,2655,2137,9563,2318,12315,8010,2453,14709,21423,10222,12187,9613,1133,2224,1172,6709,1111360,1530570
"sub-921",4676,1741,6117,2809,1669,9260,14884,11522,3036,13497,8694,5945,5305,13666,2133,3195,4558,2564,3394,1713,11707,2784,15033,10223,3637,16041,25874,12167,17218,10209,1322,2512,1209,8189,1279360,1644500
"sub-952",2133,1586,8254,2555,1425,8284,10876,12404,2147,11680,8021,6912,4733,12267,2270,3636,5756,2353,4625,2054,10983,2651,13929,10819,3301,16026,25185,12592,13965,13245,956,1619,1211,6967,1138790,1530810
"sub-970",2390,1454,6538,3226,1445,7452,10002,9388,2456,11334,6938,6329,4400,9915,2428,3355,5720,2370,4611,1904,10243,2899,12954,8228,2896,15768,24511,10105,12101,13804,862,1946,1569,8549,1161240,1297950
"sub-974",2656,1485,6491,2506,2062,10275,10798,12065,2919,9221,6889,6316,5004,11468,2249,3370,4577,2448,3587,1729,9962,3400,12503,9563,2813,14973,23699,11723,11383,11787,717,2029,997,7139,1208740,1224390
"sub-983",2270,1676,5552,2375,1328,8604,9580,8184,2144,9464,7390,5465,3785,9486,1741,2723,3773,2329,2953,1660,8308,2605,10332,9063,2591,13715,22305,11873,12054,9697,795,1753,1272,6779,1130870,1519870
"sub-995",1647,1886,6308,3090,1421,8636,11383,13329,2178,11333,6373,6152,3710,11900,2191,3337,4706,2165,3176,2439,9042,2922,14952,8277,2142,13604,22608,13957,10208,11551,1046,1722,1231,7009,1094190,1550460
"sub-907",1977,1580,8384,3158,1586,9140,9617,13238,2142,15463,9330,5774,6420,13559,1848,4357,6013,2618,4420,1974,11876,3061,14767,11228,2672,21232,32171,13485,15161,13038,756,2449,1513,8171,1318650,1821160
"sub-910",2969,1189,7270,3588,2124,13412,12981,12929,2749,13494,8550,8128,5026,13103,2457,4676,5739,2787,3697,2686,12203,2805,17772,10787,2674,17287,28977,14149,16121,15763,789,2807,1228,7722,1379100,1889480
"sub-923",2570,2011,6650,2806,1179,9627,12071,11224,2688,11312,6976,4937,5335,11460,1622,3444,5787,2358,4293,1235,9705,3338,13070,9512,2802,15462,21694,12655,13286,13587,1085,1812,1192,7350,1140430,1598570
"sub-930",2278,1120,4559,2982,1765,6772,10750,9252,2142,10298,6917,5905,4596,9656,1999,2654,4934,2174,3658,1782,7748,2298,10253,6876,1609,12971,20446,9362,10716,8015,1020,1940,1120,6905,997574,1442200
"sub-946",2730,1992,5413,2744,1479,10063,11040,12514,2702,11617,6742,7192,4686,11050,2473,3679,4668,2290,3613,1899,9515,2967,13551,8824,3026,16588,25424,10806,13007,11070,638,2784,1105,7283,1213180,1576350
"sub-971",1774,1960,5034,2265,2327,8168,9696,8638,2554,11040,5766,5581,5081,9256,2003,3601,4988,1902,3099,1634,8724,2986,12691,8018,3093,11037,19117,11772,10004,10031,504,1969,998,5862,1091510,1136790
"sub-901",2291,1521,5581,2990,1465,8622,10056,10081,1812,10764,6858,6416,4048,12384,2161,3019,4463,2402,3519,2148,8288,2929,11351,9300,2051,15001,21775,11658,12013,10806,1032,2434,1121,6809,1088890,1539060
"sub-918",2534,1810,6468,2799,1379,9585,8994,11471,2414,11211,7406,6695,5529,11015,1910,3065,3744,2480,3764,2012,9240,2520,12367,8176,2010,17393,22404,11212,13956,13260,1132,1902,1394,7672,1093790,1525570
"sub-920",2843,1457,9577,3247,2299,9742,16667,13755,3221,14496,9288,7536,6510,15114,2807,4325,5840,2404,4512,1942,10740,3493,15476,11345,3110,16822,27633,14229,14410,13712,1008,3045,1341,6786,1204160,1464850
"sub-944",2171,1662,6960,3027,2339,10071,12485,11996,2694,11367,7990,6427,4650,10566,2761,3633,4421,2430,3571,1537,10388,2876,13905,10009,2779,15905,22067,13359,12602,10802,936,2431,1172,7199,1137430,1460800
"sub-963",2172,1273,3931,3015,2169,8436,8494,10075,2026,10093,6040,6055,4953,9882,2419,3646,3768,2246,3317,1922,8044,2452,11147,7205,1546,13530,20269,12343,10851,9762,1038,2238,938,5918,980953,1197000
"sub-979",2401,1423,7292,3699,2449,9664,10538,11554,3189,12408,7663,7206,5431,10891,2439,4009,4678,2350,3396,1843,11906,3143,14942,10098,2456,13815,23503,14370,12294,12850,830,2606,1171,6895,1260090,1655820
"sub-939",1690,1590,9323,4532,2115,10423,13367,15134,3801,17262,9126,9141,6005,13204,2193,4561,5392,2687,4752,3127,13704,3988,17289,12684,3631,18850,32638,15914,14016,9698,960,3093,1465,9518,1371590,1713580
"sub-976",2359,1077,5663,3248,1386,9815,12914,8708,2734,12788,6944,6520,4587,11837,2112,3395,4922,2277,3487,1901,9211,2844,13382,9489,1908,14246,22371,13000,11113,12691,1225,2340,924,7018,1034120,1335700
"sub-989",2909,1497,7535,2934,2078,10005,14439,14904,3182,12986,9611,5141,6286,13242,2106,4272,6043,2894,4727,2160,10086,3074,15246,10296,3208,15726,27039,15536,13208,14489,1025,2650,1393,8370,1287680,1709570
"sub-934",2293,1760,5364,3576,1850,10325,12511,13440,2273,11025,7274,5772,4832,12554,3267,3608,4439,2774,3970,2015,9953,2930,10978,11188,3146,16034,24299,14031,13936,12253,1070,3309,1301,6315,1153710,1495730
"sub-929",1980,1519,6384,3426,2134,8129,12476,10745,3038,10996,7494,6561,4485,11788,2035,4108,4359,2257,3095,1873,9667,2554,14042,10398,2200,12988,22043,14098,10625,13732,782,2349,1037,6930,1128240,1562420
"sub-931",2070,1411,5560,3984,1678,8615,11050,9657,2348,10310,7296,7564,5228,10963,2130,3432,3738,2235,3646,2479,9702,2845,11924,8068,2020,12791,20038,12120,11458,9553,566,1500,1036,6257,1050260,1303240
"sub-938",2110,3181,7479,3803,2327,9934,12290,12760,2256,11998,8900,6455,5888,11538,2071,4633,4982,2442,3238,2486,12129,4078,15448,10273,3093,15777,24290,13859,12581,11537,797,3346,1168,6749,1179880,1532810
"sub-961",2305,2567,7651,3644,1646,7974,10291,11399,2555,12663,8894,6148,5607,12034,2214,3913,6243,2341,3472,2071,9868,3283,13806,8803,3217,16549,23629,13123,12897,13908,994,2298,1517,7099,1135910,1432670
"sub-977",3609,2272,7650,4037,2514,11982,12138,13922,2937,13292,10187,7736,5973,14589,2665,4679,7018,2551,5138,2495,12734,4205,17046,11535,3783,19483,29383,15041,16504,14886,793,3607,1694,9193,1316820,1553560
"sub-909",2129,1828,6074,3335,1950,8542,10011,8636,2710,12050,8294,6197,5615,11367,1952,3458,5116,2524,3315,1777,9031,2809,12706,8885,2513,13156,21453,12427,12928,12574,923,2847,1288,7270,1042820,1428000
"sub-941",2103,2590,5350,2827,1504,8420,11020,10343,2241,10152,5967,6017,4212,11343,2062,3088,4355,1653,2481,1746,7557,2297,10708,7277,2666,11474,18932,11625,11848,10400,607,2341,931,7732,978409,1415830
"sub-950",2034,1048,5615,3020,2111,8321,11266,10259,2334,11747,7630,6045,6084,10253,1972,3958,4426,2644,3108,1751,9322,2549,13302,9688,2099,15019,23206,12410,12242,11105,1341,2445,1485,6435,1062090,1418880
"sub-965",1736,1742,6028,2423,2183,8909,7315,11704,2292,9409,6571,6735,4159,8547,2346,2895,4699,2373,3231,1899,10070,2472,11979,8007,2866,12304,19279,9676,10803,10344,1137,2818,1257,6536,930427,1246800
"sub-992",2739,2489,4609,3851,1536,9184,13558,13285,3021,12434,6543,5026,5437,12824,2432,3637,4772,2062,2952,2463,10133,3476,13455,9769,2783,14870,22472,13979,12115,13201,1054,2835,966,6601,1102190,1370620
"sub-932",3314,1951,8400,2866,2336,12957,14829,11951,3710,14357,9437,8704,6452,13202,2841,3722,4615,2786,4166,2481,14245,4723,14853,13277,3112,17174,25374,16745,17716,17237,1199,2968,1632,8525,1378640,1803490
"sub-943",2361,1165,6798,3887,2388,10981,12165,11261,2937,11359,8131,6034,5435,12966,2421,3909,5909,2665,3745,2164,11704,3570,14789,10066,2728,18019,25760,12439,14242,10615,1300,2960,1258,7985,1187160,1513790
"sub-958",2451,2266,7154,4481,2199,11305,12255,12381,2787,15011,7485,7760,4376,12711,2414,3438,4208,2625,3731,3510,10388,4247,14800,8926,3446,17141,24897,12236,11576,11007,1039,2791,926,7480,1154120,1397780
"sub-967",1983,1595,6808,3748,1525,9081,13895,11593,2663,12285,8002,7807,4641,13315,2136,3584,4462,2280,3382,2012,9911,2942,13463,9201,2454,17358,23755,13232,12747,11066,902,2792,1308,7662,1146950,1469040
"sub-968",2590,2966,7174,3053,2370,10143,12784,11081,3271,11494,8591,6524,5967,12860,2257,3935,5256,2839,3685,2012,10790,3352,13755,10467,3215,18840,23510,15362,14667,12069,1015,2968,1059,7468,1237840,1578570
"sub-994",2338,1794,6762,3108,1946,9408,12520,10801,2861,11417,6959,7263,4814,10761,2661,3821,3915,1948,2891,2373,10831,3538,13483,10468,2460,16209,24405,14809,12970,10698,1068,2603,1317,7059,1115930,1471770
"sub-914",2511,1457,6688,3342,2296,9847,11835,11566,3120,13450,9886,7263,5434,12453,2163,3651,4834,2958,4468,1876,10247,3337,14862,11723,2510,15593,24088,14031,14131,12579,670,2113,1447,7770,1190580,1489040
"sub-933",2333,2064,7756,3194,1871,11536,14392,13539,3489,12737,9012,7403,6617,12344,2252,4181,5032,2210,3591,1887,13208,4127,17288,11253,3911,17954,26684,15697,13369,14368,1109,3561,1799,7472,1341530,1662890
"sub-915",2687,1794,5770,3476,1751,9224,12568,10870,2367,13659,6937,7426,5472,12592,2514,4348,4304,1946,2789,2455,10942,3541,13495,10760,2769,14522,26107,14893,13535,11302,1062,2536,1357,7344,1126940,1417630
"sub-959",2743,1806,5459,3318,1839,9007,12432,10093,3139,13603,7959,7666,5456,10689,2072,3125,4667,2719,4169,2893,9456,3093,14474,10002,2824,13695,22356,11735,12915,9427,927,3092,1181,7544,1189410,1528620
"sub-987",2218,1570,5978,3079,2053,9773,13267,13357,2295,13957,7825,4418,5908,10616,2262,3846,5637,2738,3605,1917,9852,2878,13732,10158,2242,14499,23262,13479,11269,11209,1034,2591,1218,6726,1146060,1408810
"sub-904",1641,1266,5856,2847,1594,8460,10694,9220,2073,10254,7024,5268,4890,8964,2215,3301,3929,2183,3576,1867,8521,2618,10967,8018,1966,13854,22396,12140,11835,11194,950,2341,1177,5903,968278,1274440
"sub-922",1792,1084,4257,2460,1761,8738,10189,10185,2189,9913,7043,5944,4670,10165,2164,3034,3208,2095,3361,2128,7582,2348,10501,7742,1859,13654,19128,10986,8748,8488,943,2643,899,6687,923191,1048010
"sub-957",3311,1553,7401,2889,2661,10123,14103,10699,3183,12054,8659,7714,4157,12101,2880,3111,5297,2692,4719,2024,11753,4212,14906,10776,3844,17485,27683,15333,13776,15051,1247,2547,1257,8738,1212000,1421820
"sub-964",2490,1669,5732,2169,1513,8486,11272,10821,2418,10575,7161,5333,5677,11614,1832,3687,4483,2153,3153,1308,9310,3084,12428,10650,2606,13196,18778,15374,11946,11367,896,2503,1017,5951,1026030,1342500
"sub-905",3289,3462,5402,2906,2545,11622,15495,14632,3321,13749,9014,7588,5550,14023,3143,4400,4510,2470,3764,1907,11373,4346,15360,13038,3944,16088,28082,15443,14253,15207,1086,3056,1258,9041,1294870,1651820
"sub-916",2797,2844,7260,3189,2087,10762,11082,10203,2755,13680,7604,5758,5790,12569,2384,3549,4091,2432,3113,1821,8844,3523,12699,10659,3622,16245,22194,16609,12730,13948,844,2783,1433,6477,1186400,1541580
"sub-917",3157,2922,7496,3553,2705,12741,11268,12335,3285,13467,9988,8964,6677,14006,2829,5149,5364,2719,4077,3184,12534,4270,15194,12126,3432,19361,26725,16711,15319,16089,1241,3151,1613,8244,1331240,1717910
"sub-937",2312,1958,7747,2652,1626,9395,11180,11463,1932,11088,6887,6349,5313,9926,2263,4037,4353,2458,2978,1798,11186,3204,14677,8315,1991,14825,25510,10874,12127,8930,997,2638,1167,6156,1137700,1395750
"sub-993",2300,1763,7338,3711,1870,12409,13281,12338,3503,15158,9765,9117,5616,13765,2100,3582,5373,2708,5421,3455,10709,3364,14558,10880,3057,18565,26279,16615,12660,13576,1373,3020,1187,7411,1230790,1521540
"sub-924",2107,1826,6385,2267,2990,8736,14144,13654,2676,12558,9089,5346,5893,13005,2554,4254,6488,2712,4838,1246,8673,3284,13898,10909,2812,16339,22821,16790,12848,13321,1187,2535,1401,7369,1198840,1495870
"sub-960",2194,1205,7197,4225,2001,10364,11041,11276,2954,13202,8299,8110,5526,11319,2028,3330,7201,2588,4037,2355,8972,2929,13862,10107,2500,15336,23275,13964,12975,11287,997,3802,1125,7798,1078660,1473490
"sub-981",3534,2069,8092,3496,2231,11290,15859,14030,3803,14172,9187,7932,6631,16659,2448,4132,4725,2691,3816,2098,14094,3255,17935,11442,3276,19598,27550,14484,16286,14417,1051,3142,1303,7209,1315630,1664920
"sub-935",2027,1845,5568,2951,2573,10100,12885,10528,2958,13092,7009,5408,5543,10074,2252,3996,4500,2351,3443,1765,9610,3283,13111,10853,2742,14855,23138,16555,11146,11000,1067,2669,1151,6644,1081310,1403310
"sub-982",2468,2151,7536,4357,2677,11318,15629,12503,2841,14394,8368,7512,6692,11626,2445,4240,3159,2832,3193,2931,10735,3396,14659,11839,3190,19802,27249,16682,15014,10808,1035,3293,1088,7445,1416560,1896140
"sub-947",1781,1428,5680,2394,1708,7963,9459,8430,2185,9830,6720,5648,5420,9497,1924,3253,3665,1930,3173,1223,9093,2701,12376,9016,2193,12978,21268,10768,10902,10162,927,2342,984,6397,1012370,1314390
"sub-956",2141,1434,7275,2277,1704,9634,12238,10666,2573,10420,8160,5820,5099,10665,2118,3903,4831,2525,4050,1863,11273,3069,13647,9986,3078,14287,25386,14028,12301,12241,892,2451,1193,7603,1137430,1432260
"sub-975",2719,2977,6379,2406,2201,8158,9436,9990,2663,11475,7941,6657,5480,10329,2021,3435,3979,2385,3158,1774,8863,3340,12471,7547,3666,14688,20695,12068,13142,9912,907,2432,1167,6369,965649,1304030
"sub-984",2010,1588,4355,2099,1861,10046,10051,10204,2091,9107,6459,4749,5356,9340,2196,2883,4994,2130,3930,1260,8297,2419,9760,7293,1805,13773,19425,10003,10124,9993,848,2620,921,5637,952029,1257660
"sub-998",2326,1575,8789,4499,2673,10588,14941,12384,3451,14466,8751,8877,6781,13377,2620,4245,4639,2839,4364,3276,10791,3671,15783,13201,3552,17693,27544,17446,14533,12198,1256,2935,1376,7621,1337380,1714540
"sub-953",2403,2241,6000,2436,1968,9816,10481,11595,2207,10754,8111,5995,5809,12071,1840,3432,4153,1984,3340,1664,8399,3030,12355,9706,2247,13718,22814,10497,13069,11837,1046,2964,1263,7194,1005120,1392030
"sub-973",1946,1667,5051,2891,1805,8225,11688,12766,3008,11316,7061,6198,5049,10148,2087,3462,4081,2300,3840,1282,8846,2566,12419,10376,2949,13567,21223,16257,11561,12533,811,2472,1050,6672,1044120,1397810
"sub-948",2165,1640,7198,3238,1650,8205,10252,13270,2355,11458,6978,6109,5256,11885,2121,3508,5667,2341,4080,1643,11410,3712,13399,8834,2319,15639,26619,13181,12886,9437,1168,2718,1268,7702,1123410,1460070
"sub-962",3775,2080,7557,4019,1983,10137,14661,12285,2484,13486,8076,6674,4865,13875,2202,3154,6016,2607,4927,2523,10468,3108,14305,10474,3362,19811,32596,11004,13736,9458,1206,2337,1144,7916,1172530,1441890
"sub-986",2007,1305,5418,2118,2014,8841,13225,10102,2334,11143,7034,5744,5464,10282,2069,3304,3900,2049,3315,1497,8490,2771,10975,8806,1881,13021,20837,12750,10813,10087,875,2437,1017,6192,990163,1303020
"sub-966",2204,1191,6349,2918,1595,9334,13120,10792,2813,11835,6724,5859,4912,10699,1854,3331,3862,2511,2653,2453,9976,2813,13771,8679,2314,16419,22595,11571,11426,13942,909,2850,949,6872,1121510,1483130
"sub-988",3840,2477,8153,2929,2618,10984,14259,14868,3412,12521,8627,7724,6169,13870,2949,4374,5772,3167,4377,2493,11158,4811,15549,10044,3655,17093,26685,13620,14301,12123,868,3404,1192,8270,1332680,1821540
"sub-926",1848,2315,5739,3448,2174,9406,11550,9535,2657,12143,7189,8023,5189,9694,2614,3240,4555,2445,4407,2896,8450,3013,12345,9910,2658,12878,18477,13749,10361,8877,820,2700,969,5647,1061450,1300140
"sub-945",1889,1872,5103,3345,1627,8309,11588,12587,3177,13417,6296,6110,5766,11049,1933,2873,4973,2267,2910,1760,8289,3162,13177,8774,2881,14552,20445,11934,14041,10887,931,2249,997,6504,1113930,1388860
"sub-972",3465,3295,6612,3485,1871,11359,13739,9504,2932,13034,7139,7314,6552,12293,2440,4479,6407,2386,4602,2554,9750,3974,14539,9986,4030,18182,27486,13792,15682,13818,1173,3290,1679,8173,1316500,1753320
"sub-990",2094,2350,7242,2969,1641,10401,10069,12582,2847,11874,7784,6289,4980,13996,2339,4002,4844,2551,4057,1927,10060,3195,13581,8932,3001,15534,23666,14058,14006,13104,1106,3215,977,7927,1152470,1471620
"sub-996",2444,1443,5968,3469,1987,9367,11506,9632,2333,12212,6374,7236,4393,11687,2081,3342,3897,2230,2748,2644,9369,3030,13356,8345,2399,14945,24619,12329,13033,9784,1078,2719,1114,5582,1052200,1363320
"sub-908",2800,1590,5752,2813,1477,8664,14357,10228,2454,9886,7056,5936,4979,11241,2048,4184,4637,2367,2906,2065,10483,3472,15281,9843,2461,13647,24346,14670,11603,11752,1138,2358,944,6244,1115760,1448110
"sub-925",2024,2230,7132,3583,2003,10826,12459,10229,2981,16536,7806,6288,6494,11133,2219,4112,5372,1994,3680,1451,11550,3038,14722,11109,2049,14378,23861,14609,12754,11155,1302,2439,1555,7000,1157660,1397130
"sub-936",1979,1597,6926,2856,1842,7884,9892,12888,2284,10607,7893,5925,5200,11324,2177,3374,3714,2498,3244,1584,8905,2795,13942,8591,2873,15630,20983,11389,11546,10191,958,2774,1007,6435,1080590,1373780
"sub-955",1651,1280,5895,2369,1609,6790,10030,9824,2176,8173,6882,5355,5141,9143,1590,3150,3447,1476,2003,1935,7939,2229,12466,8616,2201,10694,18951,8798,10729,7693,920,2629,851,5859,941842,1182770
"sub-902",1828,2351,6040,3451,1980,7710,12566,12673,2554,12542,7273,7655,6431,13702,2134,3569,4115,2220,3447,2490,9528,3062,13954,9170,2819,16652,23635,13454,13659,11146,994,2335,1151,7708,1119510,1420630
"sub-942",2054,967,6716,2757,2232,9803,11076,12743,2623,13201,6655,4564,5279,11325,2515,3227,5205,3053,4076,1296,10344,3309,14557,9134,2410,15753,23308,14255,12297,12648,1013,2624,1280,7288,1126320,1446650
"sub-949",2051,1540,5638,2737,1877,9283,11537,10729,2635,12026,7739,6915,6389,10356,1862,3742,3547,2589,3034,1768,10404,2617,14461,8822,2203,13931,23631,14674,13197,11049,1191,3092,1209,6392,1051640,1300580
"sub-999",2745,1729,8260,3467,2549,10168,11851,12112,2654,11100,8099,6573,5601,11991,2624,3415,5518,2495,3610,2279,8754,2993,16211,7578,3288,18742,27274,10979,12941,10603,1204,3156,1101,8842,1192120,1442370
"sub-927",2192,1546,7279,3248,1522,8685,13331,10624,2539,12444,7740,7189,4938,10851,2201,3905,5021,2433,2671,2210,8667,3049,13473,9358,2820,13465,23825,12292,10841,13179,921,2212,1116,6406,1055660,1463640
