"SubjectID","lh_bankssts_area","lh_caudalanteriorcingulate_area","lh_caudalmiddlefrontal_area","lh_cuneus_area","lh_entorhinal_area","lh_fusiform_area","lh_inferiorparietal_area","lh_inferiortemporal_area","lh_isthmuscingulate_area","lh_lateraloccipital_area","lh_lateralorbitofrontal_area","lh_lingual_area","lh_medialorbitofrontal_area","lh_middletemporal_area","lh_parahippocampal_area","lh_paracentral_area","lh_parsopercularis_area","lh_parsorbitalis_area","lh_parstriangularis_area","lh_pericalcarine_area","lh_postcentral_area","lh_posteriorcingulate_area","lh_precentral_area","lh_precuneus_area","lh_rostralanteriorcingulate_area","lh_rostralmiddlefrontal_area","lh_superiorfrontal_area","lh_superiorparietal_area","lh_superiortemporal_area","lh_supramarginal_area","lh_frontalpole_area","lh_temporalpole_area","lh_transversetemporal_area","lh_insula_area","lh_WhiteSurfArea_area","BrainSegVolNotVent","eTIV"
"sub-101",1213,1130,3076,1642,361,3340,4948,3176,1037,5815,2456,3104,1746,3272,707,1621,1670,665,1366,1443,4285,1137,5045,4429,1099,6560,8237,5699,4303,3769,314,428,512,2460,92065.7,1170000,1620000
"sub-106",1052,479,2048,1151,336,3301,3685,3410,711,3712,2086,2785,1575,3221,652,1322,1315,777,1129,932,3747,753,4058,3057,555,5771,6308,4065,3760,3027,272,415,462,1916,73844,1010000,1480000
"sub-011",1657,703,2287,1455,591,3314,5208,3584,1158,5639,3039,2762,2004,3140,684,1280,1506,734,1221,1341,4373,1156,4862,3860,876,5119,7206,5901,4051,4096,288,483,404,2237,88218.4,1150000,1500000
"sub-114",967,551,2110,1153,373,3007,3648,3109,645,4066,2103,2772,1283,3278,549,1296,1616,622,1089,1158,3596,1005,4252,3482,688,5719,7143,5294,3729,3463,245,441,415,2370,77238.9,1070000,1520000
"sub-115",988,662,2301,1631,434,3317,4819,3274,1051,6309,2239,2934,1824,3105,531,1319,1760,629,1373,1519,4115,1137,4831,3984,701,5148,6342,5592,3548,3194,270,402,405,1963,83648.7,1150000,1570000
"sub-118",869,955,2743,1716,408,3548,4677,3688,1025,5635,2562,3524,1793,2924,595,1656,1831,723,1245,1550,4501,1128,5823,4510,1119,6223,7804,6489,3626,4580,244,309,471,2595,93091,1280000,1810000
"sub-120",1602,661,2883,1562,411,4250,5399,4089,1191,5426,2461,2745,1991,4031,835,1266,1692,703,1331,1102,3081,1332,5045,4628,834,6800,10411,5176,4846,4421,398,416,426,2418,95862.7,1220000,1640000
"sub-125",1193,492,2310,1134,344,2929,3652,3271,635,4152,1776,2631,1412,2945,433,1149,1518,532,1024,1061,3712,1007,3973,3112,688,4475,6489,4193,4188,3963,203,334,531,1798,73257.8,1030000,1350000
"sub-126",756,423,2016,1502,448,2800,3835,2653,1232,5146,2215,2962,1847,2620,566,1112,1286,569,1199,1318,4201,872,4508,3465,792,5729,7768,4530,3854,4017,271,469,543,2128,79651.2,1100000,1540000
"sub-127",865,390,1811,978,275,2326,3530,2211,643,3455,1832,2012,1411,2636,540,1198,1329,496,1014,803,3127,845,3487,3173,672,4274,6109,4324,3374,3543,232,443,417,1660,65435.3,864238,1080000
"sub-132",1615,1021,3136,1395,612,4762,6401,5026,1403,6702,2758,3925,2305,4635,908,1490,2689,968,2359,1461,6280,1642,6869,5127,1152,7505,9197,6748,6132,7032,316,593,740,3116,118020,1760000,2020000
"sub-135",916,742,1737,1398,369,2863,4345,3425,858,4415,2712,3021,1903,3294,668,1203,1676,681,1244,1085,3970,1181,4303,3370,1009,5155,6408,5296,3715,3935,239,461,468,2187,80253.1,997346,1360000
"sub-142",820,526,1889,1033,232,2859,3773,3596,536,4268,2232,2206,1520,3221,531,1154,1587,689,1127,896,3631,828,3725,3052,666,4959,6766,4735,3506,3533,229,420,451,1993,73190.1,1020000,1450000
"sub-143",1008,839,2483,1256,443,3517,4241,2904,562,3993,2524,3011,1868,3139,610,1438,1487,691,1240,1175,4003,973,4860,3848,861,5942,7480,5171,4343,4935,193,445,469,2459,84411.8,1190000,1560000
"sub-144",912,568,1663,1372,343,2705,3881,2757,908,4242,2136,2747,1780,2695,572,1110,1674,531,1032,1294,3308,941,3873,3542,640,3968,5018,5323,3489,3147,268,431,366,1798,71032.6,945422,1260000
"sub-145",907,721,2562,1158,541,3285,5049,2489,991,5048,2549,2868,2029,2907,629,1197,1991,750,1578,1112,4000,1024,4875,3948,1120,6439,7740,6264,4161,3915,255,490,531,2412,87536.1,1210000,1660000
"sub-147",1075,526,2171,1385,436,3254,4020,3978,933,5086,2131,3041,1788,2570,599,1034,1340,602,1237,1482,3552,1052,4839,3575,699,6420,6875,5641,3269,3915,272,472,472,2063,81803.8,1100000,1500000
"sub-149",899,505,2420,1049,385,2954,3769,2826,617,3685,2220,2184,1466,2577,561,1499,1513,580,1272,980,3559,929,4692,3027,874,4849,8133,4315,3509,3717,284,304,403,2307,74860.9,1090000,1320000
"sub-152",1010,571,2243,1457,517,3696,4078,2871,721,4839,2100,3141,1535,3224,712,1192,1366,501,1256,1127,3747,852,4704,3850,679,5252,6968,5466,4140,4108,284,400,455,2470,81536.2,1120000,1540000
"sub-154",961,494,2153,1755,378,3134,4957,3628,841,6168,2634,3150,1778,3386,613,1120,1479,814,1372,1402,3829,893,4965,3743,741,5877,7724,6242,3904,4123,244,498,458,2297,87752.7,1230000,1690000
"sub-155",1297,575,2178,1128,575,3611,4398,4070,886,4683,2098,2643,1848,3149,684,1195,1755,653,1140,1008,4142,1154,4929,2794,602,5095,6718,4693,3593,5343,246,475,372,2230,81963.1,1060000,1150000
"sub-016",771,584,1871,2048,348,3461,4075,3231,1110,5559,2548,3010,1655,2845,613,1336,1498,638,1243,1582,3888,1102,4633,3728,802,5540,7148,6121,3737,5026,260,446,399,2415,85270.5,1100000,1430000
"sub-162",892,646,2539,1411,450,2542,4209,3338,914,4515,2403,2946,1844,2736,612,1442,1595,648,1090,1304,3989,1106,4726,3734,807,4999,6625,5348,3222,3110,241,465,417,2031,78897.1,1080000,1480000
"sub-164",856,386,1307,1290,424,2529,3766,2542,752,4183,2148,2373,1825,2657,522,980,1179,537,1025,1127,4111,783,4154,3074,587,3715,6331,3971,3784,3740,251,427,404,2113,69852.2,987407,1300000
"sub-176",1075,621,2255,1266,386,3457,5080,3007,774,5129,2406,2643,1924,3178,512,1428,1586,682,1128,1224,3710,918,4841,3494,914,4919,8090,5548,4150,3002,238,498,437,2049,82570.4,1190000,1640000
"sub-185",900,526,2014,2264,430,2876,4570,3202,1136,5101,2579,3158,1789,2979,675,1073,1394,585,1059,1374,3659,927,4764,3372,666,5799,6988,5313,3950,3510,321,472,441,1997,81862.6,1070000,1400000
"sub-186",857,907,1647,1073,322,2712,3384,2679,890,3941,1867,2523,1586,2601,477,1058,1494,607,1229,993,3244,1052,4187,3211,1001,4282,6298,5478,3540,3353,263,378,486,2049,71668.4,959288,1460000
"sub-197",706,659,1862,1289,523,2853,3352,2429,799,4245,2011,2391,1468,2600,518,1051,1622,672,1219,1120,3818,820,4497,3332,642,5312,6952,5442,3929,3635,261,394,504,2388,75314.7,1010000,1290000
"sub-199",950,561,2276,1263,403,2683,5565,3437,751,5548,2909,3187,1794,2951,547,1428,1133,759,983,1240,3987,1037,4365,3351,717,4950,6357,6244,3830,4289,240,621,387,2155,82896.8,1050000,1300000
"sub-201",963,957,2307,1544,541,3394,4781,3640,906,6180,2485,3807,2149,3582,621,1493,1734,596,1580,1428,4805,1310,5205,3703,994,6580,7941,5711,4019,4871,284,465,550,2523,93648.3,1180000,1760000
"sub-203",766,251,1797,1118,384,2667,3412,2881,664,3834,2477,2527,1775,2842,621,1081,1424,616,1012,1057,3335,612,4233,3103,568,4149,5299,4382,2852,3388,303,471,313,2075,68289.2,886882,1170000
"sub-207",804,496,1711,862,323,2973,3098,2919,641,3483,1509,2320,1323,2664,643,1235,1323,550,1041,794,3062,908,4094,2320,426,4129,5627,3481,3140,3168,171,443,396,1848,63925.7,877423,1140000
"sub-208",919,514,1924,1316,390,3148,4681,3208,921,5038,2739,3084,1872,3505,541,1215,1539,579,1038,1255,4211,1142,4546,3642,633,6076,7472,5605,3607,3695,256,568,389,2125,83389.6,1160000,1520000
"sub-215",902,567,2012,1705,427,3269,4108,3402,932,4310,2599,2703,2052,3004,586,1502,1620,778,1211,1458,4286,1056,5021,3653,725,5075,6896,5868,3652,4039,271,506,450,1900,82547.6,1090000,1420000
"sub-217",800,562,2053,1546,367,2766,3950,3272,740,4526,2779,3137,1756,2661,560,1254,1264,712,1018,1582,4117,1068,4615,3585,798,5272,7416,5185,3690,4372,269,433,409,2473,81008,1010000,1430000
"sub-219",1323,737,2387,1603,467,3436,5980,4430,848,5464,2814,4266,2246,4120,821,1603,1616,822,1417,1972,4384,939,5150,4569,1141,5947,8357,5694,4014,4466,314,481,397,2171,96396,1240000,1700000
"sub-222",955,585,2009,1102,553,2877,3869,2349,766,3900,1853,3031,1381,2402,673,1307,1435,659,1235,1279,3145,894,4630,3588,719,4897,6945,5248,3455,3954,186,398,374,2145,74799,992910,1270000
"sub-227",704,676,2051,1429,295,2781,3048,2998,807,4356,2028,3257,1543,2688,650,1386,1487,506,1216,1578,3956,1124,4547,3399,632,4263,6984,5064,3050,3443,291,330,373,1930,74869.9,1e+06,1080000
"sub-229",832,750,2332,1218,335,2946,3934,2270,771,4231,2120,2589,1651,2309,590,1298,1514,745,1336,864,3677,1078,4365,3281,938,5704,6338,4749,3546,3359,175,421,446,2079,74790.4,1010000,1120000
"sub-023",1021,525,1746,1447,284,2655,5690,3544,1023,5570,2587,2584,1493,2989,571,1157,1473,686,1231,943,3673,975,4636,3570,788,4856,6008,5603,3287,3971,266,489,344,2161,79845.1,1050000,1360000
"sub-236",818,676,1715,1526,396,2620,3455,2571,727,4983,2182,3286,1638,2763,528,1033,1694,675,1469,1409,3579,994,4144,3565,508,5290,6794,4723,4147,4257,228,418,571,2316,77697.7,1140000,1520000
"sub-240",888,549,2134,1658,422,3512,4266,2951,847,4776,2174,2764,1843,2946,587,1665,2052,628,1500,1445,4909,1390,4665,3737,557,4928,7544,5724,3691,3839,288,422,473,2185,83956.6,1150000,1570000
"sub-246",1005,579,2130,1420,486,3524,4987,3125,784,5394,2589,2884,1917,3132,746,1652,1983,648,1390,1017,3928,1226,4591,3882,779,5889,7206,5699,4058,4235,238,510,514,2661,86805.3,1210000,1810000
"sub-250",974,987,2443,1535,302,2786,3785,3232,828,4621,2460,2708,1583,3072,520,1412,1699,753,1282,1156,4858,1087,4993,3832,1169,6407,7698,4482,3894,3771,263,406,491,2531,84017.4,1050000,1470000
"sub-251",659,500,2146,917,474,2423,3839,2583,913,4165,2251,2740,1467,2644,644,1099,1558,730,1294,1382,4060,743,4805,3810,822,5154,7013,4846,4065,3629,197,364,534,2580,77051.5,1050000,1600000
"sub-026",955,638,2375,1585,260,2839,4164,3267,1070,5412,2549,3800,1670,3405,506,1157,1747,825,1433,1630,3869,1018,4752,3634,882,6361,8346,4903,4050,4235,216,395,422,2118,86486,1160000,1410000
"sub-263",659,241,1717,1423,266,3182,3598,2811,644,4637,1767,3026,1303,2311,601,1028,1378,561,980,1408,3206,623,4021,3131,353,4132,5976,4465,3327,2985,253,548,400,1821,68785.7,992203,1490000
"sub-264",752,477,1737,1113,312,1993,3234,1869,602,3691,1853,2092,1373,1904,472,1091,880,485,790,888,3095,831,4098,2653,686,3934,5463,4117,2775,3094,214,291,337,1697,60892.8,855774,871677
"sub-267",944,740,2866,1429,436,3193,4732,3831,1154,6015,2712,3608,1672,3393,675,1391,2090,821,1586,1116,4151,1257,5231,4373,1011,6380,6868,5130,4047,4032,118,479,472,2618,90565.3,1270000,1660000
"sub-270",915,659,1593,1168,374,3112,4225,2613,596,4631,1918,2682,1434,2596,499,1229,1110,573,1144,1047,3583,1066,4352,3284,600,4170,6752,4731,3533,3161,188,372,537,1757,72203.7,1060000,1420000
"sub-273",837,562,1883,1650,501,2934,4093,3177,704,4955,2452,3044,1652,3216,594,1255,1219,621,1096,1494,3260,1055,3778,3517,693,5332,5695,5251,3101,3498,236,410,367,2007,76140.2,1020000,1300000
"sub-282",1275,1073,2442,1422,379,3353,5168,2882,968,4668,2884,3071,1820,3078,604,1431,1735,781,1606,1767,4523,1180,5266,3587,1095,7448,8066,5177,4030,4953,276,541,467,2728,91743.3,1240000,1490000
"sub-029",819,645,1842,988,489,3111,3817,3639,846,4229,2269,2507,1864,2670,476,1237,1515,627,1414,1078,4253,994,4704,3666,868,4140,6456,5167,2894,3519,268,444,368,2041,75863.2,1040000,1490000
"sub-290",1044,465,2593,1301,357,3082,4775,2472,867,4765,2921,2295,1996,3023,613,1278,1471,676,1143,1124,3693,1062,4758,3468,778,5672,7252,4691,4094,4391,289,514,510,2506,81937.2,1150000,1590000
"sub-300",1128,812,2482,2064,464,3965,4371,4183,738,6665,2538,3680,1894,3556,656,1468,2302,808,1588,1882,5150,1229,5796,3992,828,5744,7473,5604,4216,4314,182,564,456,2949,95743,1290000,1740000
"sub-303",1059,657,2288,1421,459,3175,4436,2737,808,4449,2172,2813,2071,2674,619,1430,1527,666,1392,1422,3671,977,4626,3241,845,5101,7102,5135,4093,4097,208,488,482,2280,80622.7,1110000,1450000
"sub-305",683,609,2143,1220,347,3176,3368,3016,720,4388,2157,2671,1590,2714,601,1181,1287,629,1303,994,3345,1025,4196,3079,608,5421,6143,5107,3278,2850,229,396,383,1777,72632.6,978322,1400000
"sub-031",941,669,1832,1433,359,3550,4976,3370,1041,4946,2709,2371,1637,3060,779,1273,1487,850,1070,1132,4035,1138,4820,4029,923,5629,6405,6039,3810,3718,262,556,575,2327,83753.8,1050000,1530000
"sub-311",725,581,1710,1572,397,2890,3341,3071,800,4937,2513,3109,1684,2672,573,1144,1490,651,1533,1414,3385,897,4333,3049,649,5874,7009,4792,3951,3359,289,451,441,2300,77591.4,1050000,1450000
"sub-314",997,671,2115,1411,475,3355,4550,3232,890,6057,2592,3621,1873,2871,609,1207,1778,726,1486,1399,3986,1302,4963,3416,912,5179,7517,4530,4312,4335,290,432,462,2558,86106.9,1240000,1680000
"sub-317",894,600,2431,1236,527,2551,3899,3247,732,4555,2489,2787,1801,2913,599,1097,1574,594,1237,1257,3756,1065,4383,3216,915,5069,6510,4798,3800,3068,259,441,424,1910,76633.2,1050000,1170000
"sub-324",812,638,2025,1330,375,3101,4331,3230,886,4630,2433,2768,2031,2880,530,1358,2110,724,1707,1179,4878,1156,5008,3535,654,5368,7906,5593,3910,3891,265,488,434,2489,84655.4,1150000,1670000
"sub-325",1043,679,1969,1448,284,3186,4749,3142,942,5531,2721,3744,1789,2963,626,1220,1928,742,1300,1431,3692,1123,4951,3894,1099,4677,6228,5890,3680,3502,274,526,420,2155,83548.4,1060000,1300000
"sub-327",1093,552,1906,1067,366,2981,3581,2486,915,4525,1941,3025,1620,2034,508,1111,1235,497,1174,1268,3268,969,4185,3385,559,4157,6782,5039,3534,3651,229,375,526,2020,72565.3,1010000,1350000
"sub-033",1015,568,1908,1517,540,3371,4533,3710,850,5011,2435,2944,1666,3228,639,1477,1714,778,1624,1391,3752,1138,4698,4256,753,5683,7587,5972,3824,4567,293,457,467,2468,86836.9,1170000,1700000
"sub-332",790,436,1641,1121,318,2597,3640,2750,750,3896,1781,3112,1312,2530,541,969,1183,516,934,1423,2931,856,3234,3092,431,3501,5532,4641,2786,3475,247,405,308,1677,65351.9,851368,1220000
"sub-334",943,677,1962,1388,440,2854,3947,3589,1040,5146,2727,3167,2190,3904,687,1313,1439,841,1566,1236,4001,1285,4523,3304,950,5976,7530,4793,3790,4036,297,494,393,2290,84715.4,1200000,1730000
"sub-340",1204,462,1628,1322,311,2815,4530,2720,666,4328,1980,2788,1426,2971,750,994,1219,517,926,989,3429,702,3980,3267,410,4679,5287,4727,3439,3856,237,307,445,1705,71014.3,952489,1330000
"sub-346",1502,925,2295,1558,396,3669,5734,4386,1063,5915,3295,3367,2418,3819,823,1491,1575,820,1435,1323,4205,1370,5026,3896,1194,7366,8179,5377,4494,4613,315,597,498,2458,97397.2,1300000,1530000
"sub-348",661,653,2457,1576,473,3301,4215,2766,882,5831,3294,3099,2058,2708,474,1227,1885,776,1579,1454,3991,915,4350,4247,836,4978,7045,5969,4281,4192,283,649,408,2264,85776.3,1070000,1410000
"sub-349",951,563,2249,1608,534,3877,4584,3650,823,4575,2277,3143,1617,3339,641,1307,1547,592,1255,1592,4251,993,4241,3447,792,4543,7290,5610,3991,4342,250,511,454,2442,83882.3,1130000,1450000
"sub-354",796,375,2198,1472,349,2698,4563,2871,988,5222,2662,3126,1807,2693,571,1105,1343,680,1039,1273,3980,1126,4907,3591,570,5060,6881,5805,3242,3438,334,463,363,2103,79693.4,1040000,1410000
"sub-356",709,614,2455,1179,273,2951,3310,2564,810,4276,2069,2721,1297,2553,561,1284,1451,565,1041,1125,3501,1147,4654,3110,685,4265,6528,4517,3243,2831,256,458,360,2188,71554.5,971755,1e+06
"sub-364",1382,426,2093,1649,481,3278,5491,3972,815,5497,2619,2895,1800,3322,628,1373,1381,615,1003,1292,4306,994,5540,3713,855,4823,8021,5312,4080,4265,264,477,488,2269,87418.8,1160000,1370000
"sub-366",1078,621,2668,1650,673,3028,4930,3077,660,5327,2440,3200,1751,2908,1304,1426,1906,755,1695,1905,4347,995,5413,4168,1007,6809,8733,5930,4528,4745,302,380,565,2564,93489.5,1330000,1780000
"sub-368",799,416,1864,1084,442,2671,3513,3121,771,4492,2200,2341,1476,2622,514,1149,1346,618,1180,937,3411,863,4322,3396,476,4575,6109,5532,3505,3483,279,341,401,2152,72400.3,1e+06,1440000
"sub-372",902,484,2289,1171,310,2515,3019,2162,662,4237,1505,2373,1299,2326,503,1019,1723,451,1219,1002,3368,872,4312,2579,498,4199,6009,3712,3202,3149,262,372,395,1764,65862.5,914494,1370000
"sub-374",1154,554,1955,1501,515,3371,5519,4312,1399,5870,3150,3556,2138,3761,721,1152,1890,793,1617,1484,3960,1352,5308,3636,874,6004,7414,6134,4392,4428,324,531,442,2497,93709.9,1200000,1640000
"sub-375",1088,985,2016,926,388,3360,4807,3993,677,4670,2463,2786,1682,3372,611,1298,1215,752,963,812,4304,1115,4664,3201,743,5200,7133,5036,3808,4019,230,446,449,2178,81387.8,1080000,1550000
"sub-376",608,339,2074,1188,362,2414,3162,3206,718,4466,2048,2768,1425,2943,494,1119,1300,612,999,1267,3023,824,3700,3144,658,4681,6016,4347,3172,2866,328,452,405,1828,68955.8,941934,1350000
"sub-378",954,566,2428,982,432,2626,4155,2524,700,4226,2443,2503,1534,2675,527,1189,1687,702,1342,715,4058,990,5243,3321,773,4727,7384,5803,3446,3894,241,433,494,2022,77738.1,1120000,1560000
"sub-038",1039,687,3046,1730,399,3701,4684,4450,1026,5570,3234,3090,1888,3587,879,1329,1833,885,1452,1581,3308,1099,5795,4290,883,6766,8869,4838,3933,4258,317,480,454,2506,93887.6,1150000,1440000
"sub-380",809,569,2255,1490,406,2481,3852,2884,667,4650,2335,2937,1799,2681,583,1247,1814,738,1608,1353,3833,1030,4493,3312,707,5053,7316,4406,3794,3451,222,503,449,2280,78006.1,1090000,1530000
"sub-382",756,667,2632,1282,472,2829,3744,3090,911,4789,2594,2771,1782,2695,697,1203,1800,733,1424,1421,4170,1031,4912,3805,717,5573,7234,4923,3585,3971,311,477,478,2430,81910.5,1090000,1570000
"sub-385",828,511,2032,1056,335,2899,3677,2627,749,4314,2124,2873,1783,2399,587,1274,1379,640,1188,1125,3704,907,4626,2714,674,4376,6393,4355,3122,3155,264,480,410,2006,71583.1,958688,1410000
"sub-387",857,797,2293,1438,337,2912,4841,3537,1136,4647,3048,2783,2109,3256,535,1235,1958,812,1476,1274,4344,1122,4635,4156,829,5644,7018,5917,3867,4401,238,530,538,2312,86833.3,1190000,1550000
"sub-388",861,820,2446,1520,385,4084,5225,4325,1009,5377,2483,2952,1802,3890,771,1365,1809,731,1596,1122,4915,1235,4982,4339,1001,6722,7584,6167,3708,4402,148,441,589,2941,93748.2,1320000,1370000
"sub-389",918,576,2703,1712,370,3592,4829,3494,1270,6554,2862,3431,2094,3397,690,1597,1953,749,1565,1397,4678,1404,5009,4809,744,5847,7316,6734,4503,4839,314,512,487,2497,95446,1210000,1590000
"sub-039",573,402,1734,1611,390,2347,3612,2960,685,4526,2285,2845,1813,2417,445,1262,1092,602,931,1337,3484,888,4465,3147,730,4351,5640,4918,3020,2660,229,420,297,1861,69981.2,866721,1210000
"sub-394",731,484,2127,1374,441,2925,3655,3278,894,5013,1827,2888,1854,2316,534,1156,1439,529,1191,1346,3803,808,4331,2851,768,4562,6267,4423,3323,3100,221,459,446,2236,73601.2,953268,1480000
"sub-397",971,593,2303,1560,336,3200,4016,3407,719,5259,2232,2834,1765,3227,538,1334,1349,647,1241,1277,3755,1026,4815,3665,812,5241,7875,5327,3738,4354,259,387,504,2099,82666.9,1070000,1340000
"sub-399",710,776,2408,1207,423,2841,3338,3081,925,4107,2435,3131,1857,2734,605,1039,1372,651,1110,1190,3304,1006,3927,3707,754,5701,6603,5796,3277,4340,235,412,420,1961,77386.3,1020000,1390000
"sub-400",824,334,1726,1383,395,2358,3865,2397,713,4298,1740,2238,1526,2497,505,951,1038,447,830,1011,3770,796,4055,2753,321,3522,5367,4342,3229,2971,279,343,406,1823,65050.7,893706,1300000
"sub-401",899,642,1950,1411,347,2600,4915,2604,907,4721,2304,3276,1817,2619,660,1272,1521,679,1177,1147,3789,1138,4239,3243,721,4649,6770,4789,2933,3060,257,359,353,1999,75768.8,1130000,1600000
"sub-405",1162,492,2541,1184,333,3115,5118,4036,768,5131,2308,3076,1599,4213,668,1151,1666,725,1304,1276,3599,1140,4476,3678,783,5716,7222,5682,4612,3603,284,303,490,2663,86117.1,1170000,1700000
"sub-406",862,923,2525,1755,506,3492,4981,3773,1055,5186,2852,3005,1957,2912,717,1425,1588,802,1393,1404,4336,1303,4991,3932,1013,5573,7246,6247,3517,3867,273,540,454,2125,88527.8,1050000,1390000
"sub-407",990,588,2209,1209,338,3750,3683,3347,683,4359,2116,2389,1465,3085,684,1227,1467,663,1130,1138,3489,879,4345,3534,580,4763,6600,4871,3801,3393,165,411,487,2180,76020.2,1080000,1500000
"sub-408",790,578,2050,1166,527,3063,4352,3120,799,4596,2706,2745,1836,2786,656,1345,1398,596,1143,939,3475,895,4284,3113,718,5018,6532,5673,3569,2985,276,494,394,2149,76766.1,1050000,1390000
"sub-041",1125,834,2902,1529,561,3411,4653,3056,817,5538,2227,3202,1646,3390,715,1363,1468,768,1239,1252,4199,977,5281,3198,686,5693,8243,4775,4153,4001,228,301,397,2114,85943.1,1230000,1540000
"sub-413",902,629,2745,1782,507,3000,3568,3105,723,4362,2444,3020,1886,3004,648,1264,1959,654,1503,1338,3899,943,5260,3173,879,4779,6761,4951,3878,4197,283,464,483,1861,80857.9,1030000,1210000
"sub-417",846,591,1597,1961,407,2848,3497,3490,1176,4752,2479,3387,1817,3243,608,964,1315,751,1370,1762,3747,1112,3895,3435,616,5883,7288,5503,3484,4094,255,498,379,2456,81507.3,1110000,1540000
"sub-425",818,659,2702,1794,345,3164,3346,2669,974,5471,2789,3434,2277,2931,552,1427,1801,692,1595,1542,4129,1198,5298,4126,856,6806,7909,5859,3926,5244,225,400,439,2254,89649.5,1270000,1730000
"sub-426",952,602,2359,1592,324,2494,3852,2112,821,4398,2447,2744,1735,2661,606,1242,1658,697,1136,1485,4460,1041,4946,3567,809,5914,7184,5137,3904,4080,281,546,528,2265,80577.9,1140000,1690000
"sub-427",958,452,2044,1366,258,2827,3398,3372,649,3900,2096,2559,1806,3006,588,1131,1176,629,961,1064,3768,818,3824,3694,447,4727,6170,5082,3298,3713,219,347,384,2014,72747.1,1060000,1510000
"sub-043",1143,510,2056,1120,272,3089,3776,3576,747,4477,2188,2592,1733,3507,688,1350,1467,605,995,961,4109,1022,4526,3148,540,5335,7827,4446,4289,4361,258,391,480,2213,79795.7,1040000,1500000
"sub-430",1005,633,2430,1852,606,3745,4971,3135,1006,5909,2835,3559,2150,2941,623,1570,1891,754,1672,1742,4291,1258,5267,4446,1239,7544,8030,6406,4279,5176,335,450,677,2645,97072.1,1260000,1870000
"sub-432",895,529,2401,1441,429,3252,4317,4031,962,5468,2527,3206,1918,3542,675,1165,1580,703,1255,1443,3890,860,5171,3674,678,5651,6869,5693,3849,3392,290,536,450,2106,84847.5,1250000,1620000
"sub-437",758,613,2085,1681,356,3023,3464,2504,893,4570,2565,2616,1803,2666,551,1354,1334,736,1220,1217,3243,959,4692,3586,612,4847,6336,4846,3805,3269,258,318,563,1919,75261.3,986438,1410000
"sub-445",874,546,2033,1260,212,2508,3298,2694,612,4153,2009,2398,1571,2534,507,1153,1449,505,1034,1115,3440,814,3883,3337,555,4212,6324,4398,2975,3605,271,453,365,1803,68900.9,965406,948105
"sub-446",761,594,1593,865,210,2214,2881,2455,515,3010,2193,1938,1711,2402,540,1196,1068,553,825,1160,4479,625,4341,2330,822,3679,5886,4824,3337,5185,191,343,427,2038,67192.4,976244,1280000
"sub-045",908,697,2096,1500,526,2824,3912,2832,875,4796,2319,2782,1548,2780,771,1167,2052,750,1410,1427,3983,913,4052,3691,834,5845,5910,5359,3363,3639,238,470,396,2136,78802.2,1050000,1430000
"sub-450",1179,611,3131,1802,463,3814,4664,3937,1288,6006,2921,4100,2009,3181,983,1162,1418,725,1337,1902,5604,1331,5508,4681,905,6695,10168,6251,4894,5981,308,568,480,2608,102617,1270000,1780000
"sub-451",797,455,1971,1343,305,2485,3973,2602,789,4261,2037,2579,1331,2562,586,1130,1268,517,1060,1188,3252,971,4130,3341,493,4998,6415,5239,3454,3002,218,332,484,2086,71654.8,944328,980210
"sub-455",1060,475,1913,1101,477,2964,4133,2956,836,3885,2174,2476,1583,2762,592,1101,1509,579,1245,1064,3578,903,4581,3632,497,5135,6529,5194,3349,3828,276,439,397,2276,75498.4,1090000,1570000
"sub-460",1160,591,1917,1349,414,3130,4607,3031,729,5126,2435,2557,1646,3281,589,1197,1752,736,1258,1068,4032,962,4337,3496,607,4966,6633,4901,3501,3589,241,396,386,2275,78894.8,1060000,1550000
"sub-461",763,554,1879,1570,556,2669,3308,3428,973,4876,2328,3581,1798,3207,603,1237,1366,951,1484,1502,3517,754,4103,3672,551,4919,6341,5607,3928,3754,178,451,469,2379,79253.3,1090000,1630000
"sub-048",960,678,2055,1319,378,2926,4127,2928,791,4086,2658,2680,2020,3276,692,1114,1425,784,1496,1066,4119,923,4645,3639,819,5958,7423,4732,3913,4484,210,524,490,2333,81672.6,1090000,1820000
"sub-049",1916,981,2378,1800,451,3589,5806,4722,1189,6101,2970,3402,2566,4603,664,1577,2301,752,1631,1391,4879,1530,4715,4630,1125,6151,7496,5582,5161,5358,257,566,417,2561,101219,1330000,1520000
"sub-005",807,596,2524,1552,413,2751,3998,3270,925,5654,2824,3222,2048,3280,509,1284,1762,844,1221,1549,3680,1165,4346,3376,868,5390,7226,5589,3660,4010,298,506,423,2197,83765.1,1100000,1450000
"sub-055",966,378,2207,1447,497,2954,4233,3404,886,5414,2152,3312,1650,2950,524,1255,1285,758,1186,1496,3963,911,5307,3694,707,5856,6264,5275,3785,4373,291,470,508,2213,82572.8,1120000,1630000
"sub-056",1060,854,2809,1568,409,3420,4744,3777,1076,5725,3018,3652,2236,3511,682,1498,1480,663,1083,1786,4242,1179,4841,4186,1067,5496,8145,5713,4461,4540,283,422,456,2659,92739.5,1210000,1650000
"sub-060",1266,640,2438,1421,439,3914,5374,4013,1050,5124,3054,3161,2345,3829,805,1537,1475,733,1279,1244,5073,1178,5402,4235,1144,6739,8659,6630,4355,4177,317,506,446,2327,96327.1,1220000,1540000
"sub-061",903,494,2315,1196,406,2664,4699,3703,888,3879,2968,2321,2222,3268,621,1478,1796,692,1222,772,3579,1160,4313,3527,942,5236,7878,5395,3967,4395,283,436,488,2357,82461,1090000,1430000
"sub-064",928,509,2203,1323,714,2800,3966,3722,692,4374,2479,2813,1806,3201,605,1201,1324,699,1072,1421,3643,957,4675,3132,587,5285,6897,5402,3637,3768,269,393,423,2035,78956.7,1030000,1560000
"sub-068",890,496,1733,1125,393,2840,4206,2809,731,4412,1909,2534,1514,2823,782,1274,1161,488,984,1032,3613,1160,4410,3119,524,3721,6185,4582,3636,4078,191,411,541,2008,72317.1,1e+06,1400000
"sub-007",941,665,2081,1294,289,2942,4578,3268,810,3807,2564,2722,1851,2944,676,1365,1735,592,1147,1373,3670,987,4451,3566,777,5182,6324,5314,3504,3755,240,430,374,1964,78182.8,996982,1250000
"sub-089",1359,801,2512,1853,496,2979,5051,3028,1052,6429,2926,3664,2428,3277,558,1465,1540,920,1485,1947,4395,1166,5036,3853,945,7527,8374,6407,4294,4254,343,429,446,2099,95338.4,1250000,1530000
"sub-090",648,397,2365,1575,330,2646,2953,2121,724,4680,2106,3142,1550,2262,604,1308,1262,670,963,1416,3783,868,5050,3483,674,4734,7303,5166,4466,3588,279,464,619,2263,76462.4,1090000,1570000
"sub-092",1055,642,2622,1618,455,3377,4864,4073,1000,6223,3107,2920,2182,3820,659,1394,2231,780,1876,1444,3702,1428,4794,4116,883,6835,8413,5387,4736,3760,308,471,503,2382,94058.9,1280000,1660000
"sub-093",1286,642,3229,1589,338,3383,6461,3552,1288,6251,2889,3200,2013,3462,650,1515,1900,670,1395,1239,4917,1517,5112,4382,922,5934,8260,5848,4815,4926,273,378,675,2424,97336.6,1250000,1640000
"sub-095",1049,526,2029,1406,348,2715,4135,3114,840,5058,2454,3227,2143,3310,704,1216,1978,644,1216,1323,2913,1002,4071,3294,593,6961,8756,4385,3885,2767,319,443,435,2003,81262.5,1020000,1320000
"sub-096",926,792,2121,1412,404,2715,4375,2564,767,4329,2494,2709,1765,2822,571,1198,2025,702,1512,1484,3639,1119,4919,3649,953,4424,6541,5435,4055,4264,162,409,525,2697,80479.7,1060000,1470000
"sub-097",1165,761,2697,1492,464,3397,4998,3602,1099,4712,2419,3170,2049,3017,751,1466,1717,723,1303,1105,4922,1308,5631,4596,992,5467,8170,5715,4253,4816,289,589,481,2438,91775.5,1260000,1880000
"sub-911",914,653,2455,1590,424,3260,4433,3917,832,5049,2318,3297,1898,3565,759,1483,1435,697,1447,1151,3842,1266,4662,3229,557,6420,7470,5762,4149,4588,235,374,428,2145,86705.6,1316940,1685590
"sub-912",952,570,1730,1295,409,3226,3448,3049,686,4331,1816,2821,1626,3502,589,1158,1289,587,1044,1204,3692,886,4475,3456,571,4987,6158,4320,3828,3570,207,346,491,2044,74365,1089560,1323870
"sub-940",979,731,2126,1411,190,3192,4117,3159,778,4617,2383,3202,1569,3318,580,1304,1545,694,1223,1091,4143,971,4353,3414,728,5334,7112,4756,4080,4139,242,347,474,2220,80521,1071260,1047400
"sub-954",975,423,2091,1132,354,3084,3417,2661,593,3972,1967,2768,1572,2500,640,1168,1151,557,1028,1057,3731,957,4750,2978,753,4465,6572,4504,3861,3092,198,400,471,2116,71956.5,1020030,1398580
"sub-913",959,568,2062,1353,415,3604,3116,3225,666,4855,1799,2870,1423,3080,617,1160,1222,513,961,1386,3444,891,3972,3024,573,4484,5949,4772,3649,3704,234,458,445,1902,73355.5,1066030,1526030
"sub-919",986,704,1916,1629,565,3169,4023,3213,988,5323,2198,3162,1677,2987,602,1327,2048,646,1390,1657,4334,974,4439,3650,833,5353,6936,5566,3995,4492,279,533,376,2439,84407.4,1192820,1656580
"sub-928",1240,651,2553,1369,423,3287,4604,3355,898,4422,2399,2727,1870,3532,665,1489,1788,644,1463,1014,4205,1125,4921,3424,928,6121,8406,4592,4777,4217,256,487,500,2380,86729.2,1212400,1582200
"sub-951",946,624,2519,1388,456,3120,4189,3169,780,4231,1983,2676,1687,2843,557,1138,1284,468,961,1270,3459,876,5059,3810,555,4617,6300,5283,3420,4429,183,554,397,1868,77097,1070690,1239120
"sub-969",877,481,1565,1318,530,3497,3924,2978,750,4916,2100,2616,1566,2576,642,1017,1458,537,1105,1035,3806,828,4633,3200,575,3793,5449,4164,3357,3297,257,467,364,1874,71549.9,1009590,1487250
"sub-978",737,493,2192,1193,489,2839,3802,3249,811,4502,2271,2902,1758,2797,572,1125,1571,638,1349,1011,3468,898,4087,3014,717,5127,6325,5000,3327,3130,284,483,395,1988,74546.1,1072680,1294830
"sub-991",1291,713,2833,1720,480,3326,5252,3406,936,5823,2480,3344,1848,3335,754,1488,1782,673,1502,1606,4269,1096,5505,3663,804,5941,8773,4665,4061,3462,271,524,486,2347,90457.5,1254670,1641350
"sub-980",997,691,2143,1505,367,3106,4163,3612,1056,4625,2467,2647,1788,3347,650,1219,1308,722,1303,1255,3795,1116,4474,3633,619,5231,7230,5692,3757,3496,227,399,376,2056,81073.6,1100800,1553310
"sub-985",795,567,2662,1447,545,3282,3461,3623,927,5148,2816,3563,1989,3151,689,1312,2069,795,1494,1627,4853,1050,5382,4281,1019,5040,8347,5992,4104,4066,255,492,482,2277,89601.2,1186750,1540140
"sub-997",859,567,2156,1744,576,3171,4698,3200,897,7058,2490,3627,1845,3270,638,1346,1276,649,1368,1827,4065,1053,4904,3930,853,5915,7277,4822,3775,3972,335,463,431,2304,87363.8,1221540,1689380
"sub-903",1196,550,2263,1958,587,3624,4752,4135,1007,7272,2618,3494,1901,4146,696,1405,1772,811,1823,1540,4242,1165,4897,3792,866,6707,8391,6377,4722,3989,272,527,513,2197,96204.2,1308770,1800000
"sub-906",916,759,2066,1686,499,3070,3947,3673,761,4749,2388,3314,1784,3251,562,1137,1296,677,1159,1479,4029,1008,4765,3360,856,5523,7161,4511,4165,3612,307,492,498,2454,81912.6,1111360,1530570
"sub-921",1826,589,2233,1493,609,3483,5797,3918,1191,5681,2866,3139,1889,4258,677,1268,1645,715,1236,1351,5151,1056,5568,4092,1116,5252,8363,5147,4832,3827,251,470,504,2553,94044.7,1279360,1644500
"sub-952",887,618,2536,1276,406,2911,3617,3641,729,4527,2380,3138,1590,3444,636,1224,1757,637,1358,1225,3923,1042,4668,3934,759,4989,6821,5048,4188,3856,236,308,439,1979,80724,1138790,1530810
"sub-970",838,577,2286,1411,518,3111,3818,3334,854,4603,2357,2769,1600,3104,824,1106,1752,662,1438,1257,3985,1156,4554,3222,803,5162,7285,4039,4202,4313,244,458,555,2512,80709.2,1161240,1297950
"sub-974",1174,548,2350,1304,616,3156,4085,3792,990,3852,2337,3086,1727,3350,585,1260,1684,734,1259,1261,4217,1262,4524,3545,858,5523,7624,5279,3414,3998,195,478,404,2397,82868.8,1208740,1224390
"sub-983",964,599,2286,1338,315,3381,3925,2923,876,4299,2355,2932,1487,2984,668,1179,1355,651,1161,1418,3710,989,4403,3780,866,5159,7511,5298,3820,3614,210,367,442,2342,79605.1,1130870,1519870
"sub-995",666,601,2113,1354,360,3265,4139,4271,708,4521,2081,2958,1328,3560,652,1244,1589,552,1043,1304,3918,996,5191,3043,682,4260,6353,5402,3483,3795,256,355,492,2207,78743,1094190,1550460
"sub-907",815,660,3035,1399,412,3311,3870,4246,904,6244,3053,2869,1918,4187,725,1553,1952,730,1534,1075,4675,1238,5283,4252,824,7113,9927,5299,4492,4461,201,530,555,2483,95824.3,1318650,1821160
"sub-910",1152,416,2495,1593,516,4220,4587,4308,922,5685,2669,3366,1903,3791,721,1605,1853,755,1280,1572,5259,953,6151,4187,893,5878,9064,5680,4946,5416,196,505,530,2434,97500.9,1379100,1889480
"sub-923",1019,754,2407,1509,341,3574,4858,3794,966,5060,2223,2708,1767,3300,695,1317,1967,633,1552,1088,4250,1181,4828,3867,765,5502,6979,5606,4112,4895,269,346,513,2242,86887.2,1140430,1598570
"sub-930",954,458,1684,1217,409,2548,4141,3349,793,4395,2113,2852,1597,2996,563,1014,1594,575,1312,1126,3088,961,3830,2731,604,4765,6559,4184,3615,2810,257,420,458,2104,72077.3,997574,1442200
"sub-946",1023,734,1857,1326,343,3628,3956,3890,928,4792,2213,3325,1757,3089,817,1360,1555,663,1241,1371,4153,1155,4611,3296,904,5780,7800,4428,3658,3666,216,466,353,2316,82671.9,1213180,1576350
"sub-971",778,731,1998,1183,512,2984,4077,3313,974,4904,2001,3052,1936,3014,613,1437,1714,608,1224,1262,3908,1181,4753,3460,1054,4188,6914,5006,3407,3964,211,498,425,2034,79316.4,1091510,1136790
"sub-901",975,618,1780,1457,454,3512,3454,4086,656,4340,2035,3055,1389,3928,728,1226,1266,459,1139,1503,3561,1058,4191,3677,607,4330,6194,5065,3765,3382,239,473,444,1955,76998.2,1088890,1539060
"sub-918",1020,592,2200,1422,493,3331,3524,3974,806,4755,2114,3414,1614,3284,537,1124,1252,633,1254,1334,3689,910,4701,3116,506,5037,6204,4672,4446,4124,276,554,530,2073,79514.9,1093790,1525570
"sub-920",1173,548,2898,1590,452,2992,5698,3722,1085,5806,3068,3254,2314,3836,645,1394,1673,712,1503,1402,4136,1147,4781,4044,885,5666,7520,5675,4074,4027,289,539,449,1933,90929.8,1204160,1464850
"sub-944",946,615,2526,1557,560,3173,4351,3717,974,4850,3081,2851,1805,2978,737,1240,1623,739,1206,1040,4309,1134,4813,3778,793,5998,7506,5491,3963,3717,254,540,464,2306,85637.5,1137430,1460800
"sub-963",889,482,1443,1383,457,2783,2943,3073,750,3943,2400,2832,1978,2723,576,1231,1267,613,1226,1331,3398,909,4098,2599,556,4769,6157,5068,3580,3147,269,468,400,2054,71793.2,980953,1197000
"sub-979",1019,663,2483,1820,591,3416,3932,3819,1274,5020,2987,3544,2309,3383,718,1478,1773,734,1386,1482,5050,1339,5487,3998,909,5693,7873,6067,4255,4771,265,547,440,2499,93023.4,1260090,1655820
"sub-939",749,655,3057,2000,423,3769,4874,4494,1273,7112,3162,4188,2196,4114,786,1623,1805,784,1718,1817,5610,1295,5967,5054,1141,6954,10524,6566,4549,3663,332,660,578,3133,106627,1371590,1713580
"sub-976",984,433,2107,1332,377,3424,5104,2922,895,5724,2169,2973,1578,3139,751,1233,1562,693,1156,1243,3902,939,4811,3406,598,5012,7096,5611,3515,4216,296,541,360,2356,82461.9,1034120,1335700
"sub-989",1228,606,2477,1424,392,3336,5194,4223,1125,5248,3277,2698,2242,3723,729,1426,1885,800,1644,1306,4038,1151,5064,3945,979,5805,8476,6241,4485,5109,302,556,469,2726,94326.2,1287680,1709570
"sub-934",1004,689,2036,1555,461,3238,5553,3861,820,4695,2475,2783,1696,3749,814,1338,1488,767,1429,1091,4134,1103,4039,4335,953,6080,7516,6044,4209,4519,251,576,548,2355,88202.7,1153710,1495730
"sub-929",863,574,2440,1681,448,2777,4707,3589,1210,4703,2931,3049,1831,3282,536,1518,1613,754,1174,1330,4517,1038,5183,4042,814,5318,7252,6251,3631,4789,320,453,390,2424,87434.2,1128240,1562420
"sub-931",924,528,2225,1966,306,2893,4907,3839,909,5108,2850,3251,2250,3375,604,1217,1383,745,1368,1700,4204,1061,4487,3471,664,5321,6981,5927,3868,3505,255,444,440,2042,85016.1,1050260,1303240
"sub-938",816,1030,2312,1695,470,3074,4307,3785,837,5071,3268,2802,2234,3221,674,1557,1523,690,1125,1410,4446,1419,5122,3678,936,5617,7544,5400,3653,3860,259,580,441,2180,87036.6,1179880,1532810
"sub-961",842,884,2538,1768,381,2606,3727,3508,970,5619,3251,2857,2108,3449,617,1344,2089,724,1237,1513,3997,1159,4737,3350,939,6578,7365,5127,4197,4731,285,424,535,2423,87876.8,1135910,1432670
"sub-977",1368,683,2680,1786,637,4012,6372,4615,952,5966,3656,3042,2067,4130,772,1546,2152,947,1729,1451,4929,1382,5671,4082,1080,7595,8608,7500,4861,6441,343,630,513,2749,106947,1316820,1553560
"sub-909",892,551,2079,1489,340,2834,3766,2505,1022,4827,2857,2464,2094,3017,623,1262,1771,711,1186,1215,3858,993,4608,3284,670,4900,7059,5310,3916,4350,244,501,461,2137,79795.2,1042820,1428000
"sub-941",843,907,1957,1417,351,2732,3910,3097,835,4355,2398,2624,1779,2915,629,1225,1360,565,942,1331,3361,980,4228,2829,977,4479,6993,5004,3408,3735,238,402,393,2366,75564.3,978409,1415830
"sub-950",824,430,1772,1497,393,2724,3922,3128,846,4790,2848,2566,2068,2943,566,1317,1316,778,1080,1224,3680,932,4341,3455,705,5679,7003,4855,3852,3871,335,420,591,2123,78874,1062090,1418880
"sub-965",705,516,2074,1223,445,2805,2924,3434,784,4373,2125,2928,1652,2725,572,1073,1548,616,1119,1278,3771,892,4219,3060,899,4661,6019,4018,3247,3582,257,496,468,2005,72511.5,930427,1246800
"sub-992",1063,701,1666,1708,413,2945,4597,3816,1027,5023,2378,2350,1823,3861,620,1204,1475,575,1010,1418,3670,1184,4400,3395,781,5322,6671,4985,3402,4392,382,495,371,2162,81286.8,1102190,1370620
"sub-932",1304,751,2729,1439,517,3813,5028,3569,1248,5726,3282,3376,2409,3626,787,1136,1572,849,1552,1414,4865,1503,5024,4828,1011,6412,7527,6126,5179,5403,343,570,603,2721,98241.5,1378640,1803490
"sub-943",988,477,2292,1767,574,3523,4455,3581,1087,5136,2669,2754,2007,3560,634,1492,1858,724,1402,1319,4498,1232,4997,3682,923,6502,7995,4884,4285,3589,300,547,457,2518,88708.9,1187160,1513790
"sub-958",947,752,2580,1778,447,3569,4393,3660,962,5750,2597,3258,1810,3333,647,1220,1473,694,1272,1804,4168,1467,4990,3200,996,6184,7723,4806,3398,3800,240,526,383,2554,87381.7,1154120,1397780
"sub-967",879,558,2342,1753,307,2947,4678,3638,974,5476,2736,3356,1773,3775,632,1221,1453,586,1044,1404,4012,1137,4595,3390,718,6168,7363,5241,3777,3776,262,524,402,2371,85267.4,1146950,1469040
"sub-968",1034,900,2179,1293,430,3013,4759,3483,1166,4365,2930,2565,2207,3472,666,1264,1691,806,1231,1144,4087,1199,4455,3868,1009,6567,6986,6287,4229,4178,261,521,399,2430,87072.3,1237840,1578570
"sub-994",861,577,2372,1602,490,2998,4215,3259,957,5389,2339,3086,1607,3038,730,1267,1218,536,1025,1430,4133,1204,4594,3934,630,5562,7619,5867,3786,3595,293,419,401,2176,83206.7,1115930,1471770
"sub-914",1002,526,2256,1680,448,3234,4318,3608,1102,5774,3689,3119,2239,3545,668,1473,1531,853,1543,1490,4241,1123,5241,4354,816,6164,7269,5756,4122,4174,228,419,540,2519,91063.2,1190580,1489040
"sub-933",1042,798,2585,1591,363,3920,5175,4191,1293,4929,3181,3254,2588,3265,740,1414,1646,734,1197,1199,4977,1566,5851,4316,1206,6417,8570,6477,4223,5001,294,626,615,2484,97730.7,1341530,1662890
"sub-915",1052,616,2183,1663,393,2892,4345,3377,774,5246,2440,3209,1995,3464,658,1437,1444,604,1094,1622,4261,1129,5015,3963,827,5535,8375,5593,4131,3780,289,475,446,2419,86744.7,1126940,1417630
"sub-959",1159,596,1950,1706,393,2868,4536,3238,1199,5993,2891,3536,2040,3052,620,1112,1655,804,1407,1741,4031,1124,4974,3751,854,5058,6973,4870,4038,3500,282,597,412,2592,85551.2,1189410,1528620
"sub-987",860,515,2009,1357,496,3181,4523,3952,937,5523,2705,2200,2289,3042,669,1189,1757,709,1249,1186,4197,1032,4860,3599,753,5225,6927,5190,3454,3829,238,499,418,2098,82668.4,1146060,1408810
"sub-904",723,496,1939,1258,386,2565,3710,2867,668,4291,2594,2461,1715,2491,595,1006,1306,579,1257,1047,3332,920,3806,3055,539,5383,6715,4908,3395,3634,253,439,414,1886,72634,968278,1274440
"sub-922",746,414,1451,1394,381,2778,3800,3278,849,4664,2343,2761,1739,2910,553,1025,1161,711,1204,1289,3331,931,3612,3153,526,4782,6020,4750,2988,2904,245,517,376,2116,71701.2,923191,1048010
"sub-957",1125,621,2271,1510,560,3127,4893,3092,1109,5413,2990,3547,1729,3099,748,1040,1815,745,1575,1373,4503,1413,4635,4117,1022,5849,7609,6082,3955,5082,252,487,476,2723,90588.4,1212000,1421820
"sub-964",939,657,1963,1208,302,2790,4241,3373,892,4384,2648,2512,2058,3241,620,1253,1517,589,1070,1001,3658,1166,4260,4077,914,4933,5693,6126,3591,3901,262,488,411,2057,78794.7,1026030,1342500
"sub-905",1349,1164,1955,1288,554,3536,5542,4537,1285,5272,3143,3052,2115,3884,769,1512,1435,771,1294,1212,4540,1427,5520,4966,1179,6076,9147,6124,4283,5388,261,598,467,2797,98443.1,1294870,1651820
"sub-916",1102,965,2640,1660,508,3361,4010,3427,926,5441,3102,3032,2188,3556,719,1335,1371,765,1022,1383,3923,1283,4507,4183,1047,6510,7221,6710,4084,4890,286,520,524,2094,90295.3,1186400,1541580
"sub-917",1149,908,2485,1688,532,3667,4078,4183,1131,5578,3366,3964,2465,3924,779,1778,1654,789,1423,1689,5021,1477,5337,4697,1027,6928,8441,6622,4917,5353,304,625,533,2627,101138,1331240,1717910
"sub-937",918,666,2698,1380,384,3030,4289,3727,724,5162,2670,2762,1896,3054,603,1457,1543,704,1134,1353,4275,1068,5118,3155,728,5653,7941,4985,3597,3099,220,478,427,2180,83078.5,1137700,1395750
"sub-993",876,632,2402,1583,416,3698,4445,3661,1200,5750,3094,3731,1933,3466,644,1111,1642,759,1636,1770,4115,1111,4471,3839,891,5966,7480,6367,3837,4500,300,525,390,2394,90635.3,1230790,1521540
"sub-924",899,631,1983,1192,554,2640,4804,3803,1004,4640,3014,2558,1946,3673,697,1364,1960,731,1630,901,3386,1189,4430,3892,867,5684,6321,6259,3951,4413,297,495,480,2547,84835.4,1198840,1495870
"sub-960",851,486,2326,1842,390,3057,3597,3175,1069,5365,2862,3329,2016,2955,587,1287,2192,751,1423,1516,3505,1034,4507,3683,736,5370,6835,5298,3653,3536,321,586,368,2341,82851.5,1078660,1473490
"sub-981",1308,668,2601,1762,472,3539,5269,4309,1188,5990,3110,3476,2207,4177,667,1358,1576,746,1231,1472,4846,1109,5732,4039,999,7099,8450,5832,4566,4574,324,557,455,2127,97833.7,1315630,1664920
"sub-935",800,593,1787,1498,518,3102,4542,2930,885,4901,2394,2404,1926,2562,591,1308,1447,680,1112,1187,3610,1077,4192,3824,768,5311,6491,6058,3308,3564,243,470,386,2049,78518.7,1081310,1403310
"sub-982",1013,871,2608,1882,676,3701,5769,3829,1193,5915,2879,3234,2487,3534,745,1640,1099,856,1187,1720,4702,1350,5695,4403,1063,7275,8077,6563,4664,3745,321,671,424,2511,98301.3,1416560,1896140
"sub-947",820,599,1926,1434,346,2725,3738,2962,864,4854,2627,2771,2012,2845,578,1222,1350,610,1187,1043,3466,1033,4357,3438,674,4937,7104,4834,3597,3573,318,398,437,2259,76939.4,1012370,1314390
"sub-956",934,585,2493,1277,389,3254,4576,3390,896,4290,3044,2840,2042,3153,657,1391,1764,701,1575,1273,4803,1109,4745,4121,998,5579,8272,5905,3975,4430,266,480,505,2510,88221.5,1137430,1432260
"sub-975",1095,975,2301,1153,416,2488,3597,3119,896,4469,2603,2681,1882,3023,554,1264,1305,670,1153,1066,3715,1151,4380,2960,1128,5383,6655,5253,3844,3559,240,434,441,2020,77872.2,965649,1304030
"sub-984",837,508,1454,1213,409,3128,3392,3243,813,3930,2314,2118,1748,2692,588,965,1523,569,1319,973,3344,927,3583,2851,452,5166,5840,3858,3089,3568,210,447,380,1806,69256.9,952029,1257660
"sub-998",972,570,2866,1921,608,3363,5028,3767,1135,6066,3099,3577,2279,3586,721,1445,1476,783,1469,1680,4147,1187,5216,4785,984,6125,8062,6780,4180,4026,294,547,491,2391,95625.8,1337380,1714540
"sub-953",999,711,2058,1199,380,3011,4150,3283,781,4416,3043,2785,1960,3318,624,1253,1415,582,1258,1120,3496,1051,4346,3758,705,5083,7224,4760,3898,3990,276,432,479,2161,80004.9,1005120,1392030
"sub-973",914,624,1867,1370,346,2689,4161,3309,966,4426,2464,2471,1873,3042,749,1221,1311,649,1284,943,3587,997,4313,4014,860,5074,6965,6151,3537,4288,248,460,392,2071,79635.1,1044120,1397810
"sub-948",881,589,2304,1688,353,2673,3641,3884,912,4693,2556,2676,1883,3301,699,1198,1965,649,1369,1155,4270,1379,4642,3235,791,5482,8399,5186,3840,3181,268,496,479,2531,83250.5,1123410,1460070
"sub-962",1391,613,2454,1774,351,3122,5489,3315,835,5219,2869,2809,1882,3438,622,1076,1905,662,1540,1610,3207,1040,5051,3768,916,6302,9085,3928,3595,3034,294,392,415,2198,86199.1,1172530,1441890
"sub-986",840,457,1891,978,460,2734,4631,3162,797,4561,2507,2535,1913,2891,556,1171,1359,609,1243,999,3321,995,3777,3388,565,4947,6643,4941,3443,3455,271,444,404,2110,74999.6,990163,1303020
"sub-966",1073,533,2483,1554,382,3306,5182,3642,1195,5368,2560,3032,1908,3217,584,1449,1342,697,1132,1442,4420,1077,5105,3634,876,6659,8489,5370,3967,5247,272,539,460,2887,91084.3,1121510,1483130
"sub-988",1471,819,2701,1492,517,3156,5758,4470,1303,5172,3260,3461,2064,4173,744,1559,2005,962,1619,1475,4808,1672,5404,3813,999,6515,8190,5807,4240,4441,256,639,480,2692,98133.2,1332680,1821540
"sub-926",821,782,1899,1594,464,2995,4286,3216,968,5263,2764,3416,2073,2951,722,1169,1604,738,1547,1759,3734,1151,4314,3842,845,5011,5780,5722,3409,3113,237,534,419,1884,81027.6,1061450,1300140
"sub-945",869,706,2112,1686,484,2937,4990,3512,1173,6191,2901,2963,2154,3215,591,1147,1747,781,1115,1365,3999,1164,4925,3376,832,5872,6582,5425,3998,3940,308,468,405,2202,86134.4,1113930,1388860
"sub-972",1429,1121,2431,2054,442,3504,5615,3114,1141,6002,2553,3748,2286,3650,720,1674,2084,765,1668,1897,4476,1422,5611,4209,1135,6764,8845,6214,4953,5130,346,592,620,2568,100787,1316500,1753320
"sub-990",832,762,2173,1276,368,2982,3559,3640,1060,4709,2719,2688,1881,3883,608,1295,1583,741,1352,1172,3837,1121,4278,3322,842,5503,6951,4966,4035,4238,246,594,396,2562,82170,1152470,1471620
"sub-996",1070,461,2022,1625,379,2949,4074,2919,907,5320,2064,3460,1524,3058,610,1190,1280,618,930,1726,3646,1071,4354,3195,628,5207,6989,4656,3691,3238,227,473,446,1958,77965.1,1052200,1363320
"sub-908",1094,573,1887,1580,364,2677,5229,3185,863,4399,2591,2702,1854,3193,604,1460,1425,690,1063,1401,4190,1254,5029,3916,783,4894,7420,5874,3416,4059,283,402,368,2252,82976.7,1115760,1448110
"sub-925",830,749,2342,1513,352,3179,4304,3036,1026,5638,2791,2581,2179,3018,699,1185,1865,592,1313,1055,4235,1133,4996,3896,665,5065,7076,5428,4005,3736,248,439,567,2252,83989.2,1157660,1397130
"sub-936",798,554,2217,1540,372,2677,3620,3519,797,4850,2815,2611,2028,3045,690,1340,1324,697,1182,1261,3537,1084,4869,3179,796,5385,6496,4472,3502,3479,266,506,399,2141,78050.5,1080590,1373780
"sub-955",731,530,2035,1241,321,2348,3756,3078,753,4026,2525,2679,1902,2896,516,1203,1193,511,834,1152,3403,812,4312,3476,656,4281,5857,3912,3256,2604,209,450,348,2069,69876,941842,1182770
"sub-902",819,804,2075,1533,369,2542,4524,3583,842,4764,2659,3174,2155,3755,567,1240,1436,665,1283,1401,3924,1193,4632,3500,969,5899,7198,5344,4089,3860,289,397,478,2329,84290.7,1119510,1420630
"sub-942",974,446,2258,1444,550,3483,4228,3918,1053,5489,2807,2536,2225,3490,702,1127,1707,829,1602,983,4239,1196,5221,3444,772,5934,7130,5255,3892,4279,273,507,465,2507,86967,1126320,1446650
"sub-949",850,568,2166,1453,412,2962,4139,3457,1015,5076,2712,3127,2172,3229,512,1350,1260,710,1126,1206,4391,1037,4888,3622,727,5219,7033,5904,4123,3976,274,573,466,2205,83940.1,1051640,1300580
"sub-999",983,625,2531,1666,526,3085,3971,3519,973,4865,2947,2927,2107,3218,729,1122,1512,639,1147,1550,3904,1045,5212,2863,892,6222,7420,4473,3886,3852,271,515,476,2740,84412.8,1192120,1442370
"sub-927",959,566,2553,1387,307,2816,4982,3206,968,5319,2687,3175,1909,3089,614,1349,1641,683,1031,1297,3621,1118,4635,3348,910,5113,7518,5110,3610,4621,241,446,440,2068,83337.3,1055660,1463640
