"SubjectID","rh_bankssts_volume","rh_caudalanteriorcingulate_volume","rh_caudalmiddlefrontal_volume","rh_cuneus_volume","rh_entorhinal_volume","rh_fusiform_volume","rh_inferiorparietal_volume","rh_inferiortemporal_volume","rh_isthmuscingulate_volume","rh_lateraloccipital_volume","rh_lateralorbitofrontal_volume","rh_lingual_volume","rh_medialorbitofrontal_volume","rh_middletemporal_volume","rh_parahippocampal_volume","rh_paracentral_volume","rh_parsopercularis_volume","rh_parsorbitalis_volume","rh_parstriangularis_volume","rh_pericalcarine_volume","rh_postcentral_volume","rh_posteriorcingulate_volume","rh_precentral_volume","rh_precuneus_volume","rh_rostralanteriorcingulate_volume","rh_rostralmiddlefrontal_volume","rh_superiorfrontal_volume","rh_superiorparietal_volume","rh_superiortemporal_volume","rh_supramarginal_volume","rh_frontalpole_volume","rh_temporalpole_volume","rh_transversetemporal_volume","rh_insula_volume","BrainSegVolNotVent","eTIV"
"sub-101",3101,2963,7817,2592,1399,8672,14710,9791,2448,11438,7346,6669,4631,11655,1981,4610,4444,2806,4742,1978,9437,3901,14383,11496,2094,17772,27596,13739,14182,11037,1097,2377,1126,7783,1170000,1620000
"sub-106",2990,2688,5739,2413,1253,9193,11427,9930,2063,8777,6778,6827,6317,12366,1807,4216,3141,3682,3405,1766,8973,2765,10302,8382,1996,16717,19686,10372,11921,10148,1782,2588,1170,6061,1010000,1480000
"sub-011",1856,1722,5027,3012,2445,10729,15303,11247,2525,13489,8798,7313,5462,12571,2133,4350,3506,3100,3940,2442,10767,3058,13838,11731,2291,16954,22177,13721,10736,11158,1183,2373,928,6669,1150000,1500000
"sub-114",1761,1803,5541,2872,1563,8790,12104,7727,1777,10735,6880,5371,5723,11613,1671,3309,3696,1933,3215,2270,8863,2714,10503,8021,1606,15594,21978,10899,9985,9477,1235,2335,705,6974,1070000,1520000
"sub-115",2491,1949,5549,2956,1694,6684,14686,10917,2162,11972,6877,6565,5719,11495,1696,3585,3500,2953,3786,2183,8799,3435,13136,10271,1789,14704,17306,11893,10337,9229,1132,2008,1105,6496,1150000,1570000
"sub-118",2269,2604,7053,3857,1831,11174,18103,12588,3255,15046,7335,7808,6888,14241,2324,4306,3951,2618,4921,2489,10523,3523,14825,12963,2130,18760,26295,15357,13409,13558,1092,2400,1044,8814,1280000,1810000
"sub-120",3120,1434,6339,3646,1643,11565,16380,13017,2773,13739,8652,9006,6871,17628,2358,5639,5905,2516,5163,2074,11832,2515,14230,14038,1673,18564,27561,15553,14864,13236,1127,2439,990,7637,1220000,1640000
"sub-125",2362,1809,6482,3718,1486,7805,12927,9419,2052,12340,6300,7060,5536,12867,1890,3390,4804,2560,5463,1613,6797,2975,11289,7755,2193,19644,25051,8438,10928,7013,1276,2310,945,6432,1030000,1350000
"sub-126",1901,2188,6606,3180,1263,8072,13488,7264,2090,11376,6550,5068,5479,9999,1744,3865,3308,2155,3734,2035,8424,2561,12792,9222,1848,16008,21242,11878,10785,8158,969,1928,815,5896,1100000,1540000
"sub-127",2202,1874,4819,2009,1478,8041,10725,9204,2393,10458,5400,5296,5323,10008,1904,2446,4349,2132,4073,1306,6384,2804,6535,7174,2311,13683,20882,8279,11706,7795,1299,2192,904,5707,864238,1080000
"sub-132",3061,2830,6156,2508,2046,12677,24432,15332,2418,18231,8519,7725,5961,17340,2432,6839,4855,2884,4029,2123,12535,3606,17677,9259,2379,19420,29087,13553,14197,14527,1164,2256,1167,8319,1760000,2020000
"sub-135",2081,1626,4118,2883,1674,7805,14302,9802,1912,12292,7416,6548,4772,11756,1865,3922,3279,2626,3966,2018,9586,3635,11671,9160,2049,13829,17959,12313,10788,9975,1143,2396,698,5853,997346,1360000
"sub-142",2292,1615,4785,2413,1240,7291,12627,9504,1668,10209,6422,5233,5196,12565,1759,3498,3841,2569,3562,1633,8690,3040,11107,7797,2093,14561,19090,11262,11633,10132,921,2412,920,6910,1020000,1450000
"sub-143",2236,2241,5354,2618,1268,9989,15178,10112,1690,9915,7820,6255,5464,13200,1507,3247,3625,2388,4414,1899,8877,2145,11945,10075,1847,17269,21962,12366,12425,11618,672,2082,1145,7151,1190000,1560000
"sub-144",2123,1813,4910,3406,1023,7456,12084,7822,2361,10293,7098,7152,4521,9958,2170,4015,3764,2275,3168,2188,7536,2382,10891,10251,2137,9943,16027,13153,10154,9130,1054,1713,826,5293,945422,1260000
"sub-145",1876,2269,5723,2635,1317,8018,13766,9304,1744,11225,7657,5290,5241,11266,1706,4352,3825,3110,3856,1613,10118,2701,12634,10065,2181,17305,23884,12718,11872,10073,911,2314,775,6383,1210000,1660000
"sub-147",1914,1871,5452,2888,1457,8727,11127,9738,2338,13417,6836,5022,6351,9287,1588,2556,4257,3203,3516,2126,8085,2470,12117,8680,1631,17809,20980,12572,10760,10948,1443,2811,868,6302,1100000,1500000
"sub-149",2586,1757,6130,2424,1130,8230,16203,8057,1715,10300,7471,4978,6638,10406,1728,4040,4125,2915,4401,1468,7623,3311,11356,6983,1987,15257,25095,10668,13042,8628,1314,2653,1092,6533,1090000,1320000
"sub-152",2178,2323,7129,3137,979,9045,16792,9425,2449,11899,6300,8344,5122,12631,1972,3469,3604,2981,3675,1924,10304,2958,14722,10478,2803,13769,23562,12439,14096,8959,751,1820,1016,7265,1120000,1540000
"sub-154",2591,2054,6783,2967,2001,8906,15727,11990,2547,15132,7793,7980,5414,13069,2394,4392,3475,3146,4476,1633,9377,3418,14064,10506,2125,18894,20899,15935,13569,10249,939,2788,798,7347,1230000,1690000
"sub-155",2635,1722,5773,2306,1496,10423,16619,10102,2070,9679,6469,4686,6196,13063,2121,3424,5072,2620,4533,1600,10387,2584,12875,10430,1521,15439,21239,11801,10836,11804,1066,2337,1098,7796,1060000,1150000
"sub-016",1870,2293,5711,3510,1889,9561,12992,9318,3250,14034,6289,6382,5577,11703,2046,3883,3133,2950,3410,2486,8802,3178,12046,10406,2228,13919,17012,13325,10760,8594,1086,2077,716,7536,1100000,1430000
"sub-162",2291,1441,6307,3493,1930,9445,13473,10814,2703,12771,7813,7623,6290,10870,1995,3596,3736,3123,4133,2457,8520,3366,14544,10962,2032,14986,24002,12651,10386,9625,1542,2329,973,6477,1080000,1480000
"sub-164",2017,1325,4645,2750,1610,8815,11026,8603,1914,11080,6707,6006,4327,10906,1844,4000,3879,2353,3324,1562,8559,3018,11050,9568,1217,9898,18801,12736,11140,10831,964,3056,983,6977,987407,1300000
"sub-176",2282,1985,6727,2778,1316,8573,13467,8392,2170,13328,7678,5727,5737,11154,1646,3529,3075,2971,4966,1360,8397,2233,11985,9101,2142,16170,21630,12140,10761,9788,1021,2051,703,7007,1190000,1640000
"sub-185",2366,2639,5640,3391,2151,9451,14121,10284,2597,11217,7571,7088,5126,11392,2075,4001,3471,2884,3687,2286,8765,3119,13914,9849,2064,15447,22866,13493,12673,9066,939,2897,986,5789,1070000,1400000
"sub-186",1425,1731,5032,2636,1037,7044,11543,9979,1677,10565,6365,4797,5986,10865,1592,2883,4000,2771,4066,1310,7504,2764,10190,8756,1801,12102,19600,10914,11316,7944,1228,2237,1036,6683,959288,1460000
"sub-197",1622,1166,5342,2946,1296,6964,9486,6113,2016,11406,6250,4508,4918,8318,1473,2905,2964,2456,4564,1631,7446,2723,10003,8545,1398,14292,20017,11607,9156,7386,1356,2627,732,5569,1010000,1290000
"sub-199",2291,2508,5398,3259,1954,9914,14388,10146,2150,12809,8349,6938,5941,12334,1753,4602,3018,2937,4402,2095,8593,3035,14079,9798,2215,15756,21387,13843,12860,10078,1207,3793,712,7037,1050000,1300000
"sub-201",2354,997,6836,3593,1601,9343,13790,10754,2609,15212,6636,6772,6182,11947,2042,3802,4377,2321,5066,2466,8646,2615,12923,9520,1638,16930,21947,11147,11048,10177,1172,2204,1059,6929,1180000,1760000
"sub-203",1572,1379,4740,2352,965,5991,8345,6745,1737,9225,5879,5382,4938,9705,1498,2670,4325,1872,4193,1863,7931,1738,10049,7421,1605,11266,16363,9190,8730,8334,1416,1841,747,5242,886882,1170000
"sub-207",1757,1743,3609,1863,1336,7424,9467,7418,1500,8640,4958,4116,4283,8712,1685,3466,3022,2229,3425,1292,6203,2392,9739,5863,1841,11547,16059,8352,9028,8272,701,1933,682,5367,877423,1140000
"sub-208",2469,2147,6541,3097,1677,9221,16588,12026,3057,11654,8391,7414,5226,15581,1902,4276,4439,2719,3649,1987,8567,3231,14616,10730,2534,16466,21322,14478,12339,11186,1517,2734,966,6254,1160000,1520000
"sub-215",1972,2073,6066,4412,1856,9375,12931,9945,2938,11579,7992,7734,6135,10422,2176,3253,3625,3159,4592,2343,11044,3650,13894,10521,2018,13803,23550,12740,13041,11289,1495,2153,1142,7835,1090000,1420000
"sub-217",1604,1749,4586,3496,1877,8441,12279,9516,2272,10138,6832,6317,5503,11087,1631,3173,2591,2365,4002,2405,8497,3043,11269,9480,1711,13944,20751,13679,11871,11125,1230,1908,901,6512,1010000,1430000
"sub-219",2153,1140,6855,3470,1228,8126,17637,8118,2283,14156,7647,7711,6357,10762,1778,4188,3556,2528,3462,3237,8917,2154,11769,10063,1719,15695,22654,12990,10260,8895,1244,2579,834,6050,1240000,1700000
"sub-222",1629,1818,6672,2547,1821,7499,11626,8220,2103,10916,5547,6870,4464,8889,2069,4613,3706,2381,4218,2189,8002,3042,11881,9522,1968,12297,19291,11776,9664,8986,832,1885,948,6422,992910,1270000
"sub-227",1787,1710,5285,3756,1239,7363,9799,7444,2117,11991,5946,7300,5749,8593,1632,3426,3407,1657,2567,2217,8307,2354,11464,8361,1253,11097,18975,11959,10706,9811,1280,1681,1060,5850,1e+06,1080000
"sub-229",1952,1844,5971,2799,1586,7400,12036,8046,1770,10647,7089,5610,6218,9871,1779,3676,4188,3216,4092,1729,8173,2189,12341,9627,1672,14049,19763,12258,11335,9048,605,2218,946,6927,1010000,1120000
"sub-023",2289,2193,4289,2943,2638,8651,15431,11853,2211,13038,8521,7203,6737,12208,2256,3650,4599,3382,6572,1663,6402,3030,8724,7835,2381,22626,24660,8962,10093,6983,1663,3691,702,7087,1050000,1360000
"sub-236",2301,1311,2926,3265,890,8379,13479,8812,2176,11312,6903,6731,4695,10724,1891,3654,4273,3214,5844,2599,7979,2770,12093,9217,2012,15052,21295,10255,12955,10224,509,1765,1041,7799,1140000,1520000
"sub-240",2401,1860,5591,3649,1716,9854,16616,10752,2274,11741,7028,6248,6907,13352,1648,4747,4370,2652,5503,1981,10523,3474,13245,12235,1841,17282,24371,15429,12828,11333,1552,3007,880,7145,1150000,1570000
"sub-246",1980,1822,5861,2950,1283,8190,16560,10159,2344,11904,8033,6364,6702,12847,1527,3952,3642,2404,3431,1495,10265,3007,13776,11338,1895,17680,23163,12801,11486,10782,1394,2150,925,7582,1210000,1810000
"sub-250",1814,2191,6022,2374,1023,6278,12038,8690,1936,9412,5900,5632,4155,10449,1209,3891,3661,2665,4142,1480,8671,3326,13718,8444,1897,14140,17850,11323,10431,9601,877,1767,828,5384,1050000,1470000
"sub-251",1700,2056,5602,3592,1471,8791,8686,9763,2257,11782,7683,6632,5136,10902,2079,4432,3955,3473,4815,2234,10819,1826,13974,7807,2547,15309,23247,12303,11223,9125,958,2393,1135,7447,1050000,1600000
"sub-026",2281,1910,6007,3146,1670,8306,14501,10949,2169,12837,7145,6704,5963,14087,2009,3301,4736,2360,4711,2364,8750,2743,13994,9253,2218,17922,23057,12487,11268,10358,703,1996,906,6468,1160000,1410000
"sub-263",1738,1092,5539,2985,1855,7781,11180,9003,1177,11282,6112,5238,4724,9087,1520,3475,3882,2342,4191,2217,8740,1078,12119,8283,1114,14684,19160,9443,9790,8639,1390,2398,688,5525,992203,1490000
"sub-264",1707,1417,3871,2092,986,6343,11125,6046,1703,8787,5628,5539,5029,8612,1586,3401,2917,2426,2884,1416,8001,2409,10747,7700,1204,12442,16216,9636,9547,8505,1048,1982,827,4480,855774,871677
"sub-267",2798,2324,7888,3432,2247,9569,18016,10335,2862,15590,8466,8865,6603,16435,2529,4977,6207,3770,5171,1870,9219,2747,15801,12178,2104,16117,24299,13815,14570,11932,727,2658,1207,7843,1270000,1660000
"sub-270",2942,2593,4623,2785,2005,10664,17646,11128,2365,11325,7221,5431,4922,13740,2278,4548,4156,3291,5710,1456,9780,3105,11981,9578,2719,16862,24822,12466,13805,11776,728,2401,1241,6623,1060000,1420000
"sub-273",1555,2180,5500,3750,2026,9099,15634,11987,2523,14253,7902,6533,5262,11086,2059,4371,3386,3043,4373,2173,9932,3391,11243,9985,1866,16523,20365,13449,10700,8900,1556,2561,846,5847,1020000,1300000
"sub-282",3278,2566,6488,3839,2219,9314,17088,9624,2361,12277,10528,7890,6437,15142,2453,4346,4015,3718,4757,2592,10175,3671,15164,10271,2535,19843,26366,12308,13733,11023,1089,2972,1036,7041,1240000,1490000
"sub-029",1978,2399,4918,2811,1157,7430,11922,8911,1582,9887,6528,5332,5431,11629,1868,3291,4072,3095,4659,1879,9742,2830,11412,9222,1686,12872,20747,10664,9818,9707,1033,1674,950,6458,1040000,1490000
"sub-290",2082,2024,6555,3123,1791,8624,13347,10934,2196,11022,8491,5119,6276,11162,1886,4056,3740,2921,5001,1904,7941,3387,12751,10201,1558,14909,21217,12253,10252,10241,1268,2949,899,7577,1150000,1590000
"sub-300",2109,3556,6809,4295,1317,10755,15997,9742,2071,14656,7578,8804,6379,12203,1876,3913,4037,2539,5042,2994,10981,3045,13009,11127,1698,15528,21522,12359,12928,10873,765,2849,1195,8159,1290000,1740000
"sub-303",2289,2385,6492,3170,1579,9031,13529,7131,2466,10416,6309,5496,5689,9834,1622,4070,4233,2524,4382,1800,10044,3096,13172,8638,2282,12741,21412,11188,12896,10092,539,2642,1018,6847,1110000,1450000
"sub-305",1956,1810,4797,2870,1149,6827,12900,7957,1571,10453,6031,4446,5114,10586,1647,3797,2664,2530,4201,1505,6412,2422,11382,7752,1437,15302,19792,10545,9309,7027,896,1770,732,5238,978322,1400000
"sub-031",2102,2074,4907,2831,1636,8228,12839,9151,2441,11054,6960,6580,5368,11092,2018,3476,4072,2614,4269,1481,7158,3439,11793,9795,1999,13168,19400,13209,10299,10149,988,2278,1075,7082,1050000,1530000
"sub-311",1924,2699,5543,3598,1522,8790,13653,9638,2479,12445,8723,7739,5764,10962,1885,3528,3562,2737,4493,2358,8397,2644,15048,8759,2598,18153,22409,12263,12071,10373,1588,2370,1090,7868,1050000,1450000
"sub-314",2546,1888,5078,3960,1177,12252,17504,11092,2451,16111,8848,6705,6625,11818,2004,3587,3471,3369,4184,2053,10172,2585,13938,10198,2154,20269,23461,12479,12611,10052,2130,2417,939,8204,1240000,1680000
"sub-317",1708,2237,6371,2369,1424,7145,12512,9560,1493,9208,7273,5164,4441,11297,1795,3190,3544,2309,3832,1538,8082,2565,11849,8501,2156,13125,19847,11019,10701,7870,1277,2174,774,6146,1050000,1170000
"sub-324",1910,2254,6328,2718,1897,10027,13435,9045,2286,12215,7534,6618,5993,12291,1918,3858,3986,2667,4160,1748,9043,3523,13384,9415,2278,15549,21607,12787,11150,10460,1096,2888,751,7444,1150000,1670000
"sub-325",2039,2002,5418,3997,1397,11077,16998,7703,3230,14072,7961,8084,5899,10870,1927,3455,3995,3997,4546,2504,8509,3125,11823,10635,2523,12957,18231,13624,9605,9314,1289,2028,833,6056,1060000,1300000
"sub-327",2100,967,4776,2852,1125,7951,11723,6833,2435,10688,6076,6164,5077,8992,1453,3131,3390,2161,3539,2194,7623,2281,12183,8884,1067,12927,21663,11406,9772,7883,1033,2289,952,5917,1010000,1350000
"sub-033",1891,2147,4767,3240,2128,10694,14441,11174,1939,13628,7255,6884,5011,14125,3024,3992,4430,3125,5272,2074,9402,3655,12899,11207,1829,11662,21628,13545,12447,11027,954,2863,893,8599,1170000,1700000
"sub-332",2366,1479,4896,2612,1058,5605,10481,6366,1742,9834,5483,5499,4522,9532,1328,2776,3311,2409,3052,2229,7010,2005,8964,7773,1402,11542,15902,9911,7974,10081,1016,2269,660,4678,851368,1220000
"sub-334",2480,2693,5123,3370,2628,9785,13312,11995,2319,12908,9517,7047,6644,13975,1728,3483,4343,3673,5223,1927,7831,3720,14594,9387,2435,16932,24303,11451,12672,12006,1713,3616,888,7786,1200000,1730000
"sub-340",2144,1973,3004,1251,956,6499,11781,6405,2901,6918,5928,2939,4036,9861,1556,3365,3256,2754,4769,1012,6954,3023,6337,7251,2435,18717,17376,8749,8295,6482,1237,1558,729,5138,952489,1330000
"sub-346",3033,1932,6149,4060,2048,11258,17082,11982,2441,15187,9860,9107,6962,15364,2476,4178,3576,3794,4816,2056,9433,4067,14081,10455,2418,20428,27437,16130,14054,12378,1274,3192,904,7551,1300000,1530000
"sub-348",1836,2227,5408,3969,2423,9234,12442,10260,2611,12879,8947,7344,5316,11628,2606,4126,4699,2973,4803,1946,8647,3345,11963,11167,2096,11909,20687,12660,9755,8859,1257,3034,772,7544,1070000,1410000
"sub-349",2404,2633,8228,3005,1721,10189,15539,11340,1676,12101,6900,6311,5988,13479,1665,2941,4521,2392,3981,1797,9520,3079,11745,9155,2479,15066,24286,9283,12624,7181,1057,3280,1011,7321,1130000,1450000
"sub-354",1733,1973,4703,3726,1918,8276,9413,10934,2216,12178,7981,7562,5684,13047,1799,3658,3320,2655,3596,1906,9121,3272,11677,9967,2172,15351,18151,14482,10908,9831,1025,2764,907,6375,1040000,1410000
"sub-356",2011,1684,5118,1919,1460,6550,10425,7205,2126,11025,6733,6919,4429,9184,1821,3490,3461,2597,3443,1633,7415,2427,11757,9242,2264,14251,20975,10855,9932,7324,1157,1829,839,6567,971755,1e+06
"sub-364",2329,2653,4971,3319,1992,12197,16748,10665,2560,13148,6695,6358,4969,13121,2195,3679,4211,2176,4228,1997,8846,3418,13000,10873,2605,14763,21804,14394,11473,12156,1256,2585,857,7069,1160000,1370000
"sub-366",1957,2357,6942,2649,1654,10424,17485,10435,1623,14900,8642,5624,6587,12729,1687,5303,5524,2431,5336,2178,10814,4107,13808,11210,3334,17614,27799,16524,14043,11881,1128,2176,1157,7839,1330000,1780000
"sub-368",1787,1711,4550,3064,1564,6820,12748,10172,2308,10285,6627,5813,4716,11791,1616,3119,3286,2583,4019,1878,8669,2786,11389,8762,2091,14595,19540,11725,11112,9573,1578,1648,1041,6618,1e+06,1440000
"sub-372",1718,2554,4430,3187,1605,7409,11916,7475,2398,10885,5562,4480,5024,9485,1584,2660,4457,2214,4704,1404,8469,3173,10855,6504,1798,11262,17177,8597,10300,7214,1069,2535,778,5927,914494,1370000
"sub-374",1959,2094,4525,2959,1832,11309,16129,13243,2549,12617,8174,7982,5980,13175,1976,3842,3844,3817,5671,2177,8522,3712,13356,10711,2554,16655,21217,15347,13316,9706,1492,3058,799,8361,1200000,1640000
"sub-375",2420,1999,5779,2421,1539,8595,11870,12937,1826,9549,7338,6342,5515,13536,1801,3799,3662,2887,2527,1784,10793,2931,12408,8328,1575,14673,23211,10571,13559,12666,1126,2543,987,6173,1080000,1550000
"sub-376",2048,1673,5057,2945,1500,7454,11920,9824,1767,10066,6389,7029,5269,10034,1539,3313,3208,2479,3507,2172,6202,2319,10401,8054,1810,13601,18096,12898,9899,7546,1511,2100,909,6140,941934,1350000
"sub-378",2547,2583,5431,2785,1939,8336,14664,11812,2259,11340,7996,6672,6683,13134,1849,4227,4141,3924,4908,1514,9287,3414,15496,9298,2210,19321,25503,13748,11921,9819,1335,3149,869,6488,1120000,1560000
"sub-038",2387,1658,6091,3456,1175,9505,11223,9064,2983,11850,8574,7896,6249,11398,2168,3337,5430,2303,5095,2388,11335,3652,11347,12406,1570,13901,21171,13370,12286,13653,1136,2402,972,8250,1150000,1440000
"sub-380",2091,2487,4439,2538,1727,7693,12344,8865,2010,9914,7416,5115,5219,9652,1746,4085,2739,2798,4214,1939,7762,2681,11251,7815,2193,15348,19633,10515,11834,9516,1212,2549,1035,7019,1090000,1530000
"sub-382",1887,1426,8063,3064,1006,7404,11153,10516,1783,12877,7331,5552,6496,11327,1872,3675,3651,3462,3801,2020,8170,2280,12516,8958,1935,18186,24560,12351,12345,10403,1200,2061,972,6694,1090000,1570000
"sub-385",1855,1695,4401,2197,1217,6631,9101,6867,1440,9732,6465,5394,4727,8759,1727,3213,3538,2718,3983,1468,8281,2399,11522,7944,1410,12617,18160,9539,8066,9029,915,2167,700,5492,958688,1410000
"sub-387",2437,2152,5503,3227,2351,9529,13841,11054,3217,10720,8165,6399,6151,15049,2035,3705,3890,2942,4598,1590,9419,3489,12778,11368,2372,15296,19168,14264,12238,12861,869,2914,872,7534,1190000,1550000
"sub-388",2783,1438,5991,2907,1682,10309,15364,14606,2758,12857,7009,6971,6216,13819,2001,4245,5069,2502,5340,2135,11256,3082,12758,12366,1593,15079,26451,13867,14772,12914,643,2125,1196,8286,1320000,1370000
"sub-389",2383,1999,6174,3225,2112,10961,16086,9991,3074,15944,8871,7680,6701,15195,1850,3985,4242,3464,5379,2185,11345,3517,14615,13252,3095,15228,23529,14789,14266,12049,1488,2551,1413,8586,1210000,1590000
"sub-039",1615,1591,4494,3438,1716,6920,11777,7646,2095,11262,6271,6529,4774,10647,1863,3464,2536,2492,3019,2047,7903,2313,11561,8701,1699,12780,16520,10754,9827,7255,994,2360,713,5664,866721,1210000
"sub-394",1742,2243,5603,2845,1175,5987,9546,7219,1761,10108,5818,5976,4741,11018,1393,2678,3607,2254,3197,2221,7612,2336,11099,6763,2220,12447,16312,7879,9721,7285,1041,1843,819,6083,953268,1480000
"sub-397",2010,1422,6416,3054,1359,9163,9504,10390,1799,10352,6346,6704,5172,9404,1567,3168,2792,2628,4066,1776,8717,2452,11419,8543,1434,16191,20817,11641,9799,10635,1117,2013,805,5588,1070000,1340000
"sub-399",1373,1669,5186,2653,2545,8549,12657,9265,2239,12489,7493,5953,4879,10039,1972,3329,3636,2904,3187,1242,7665,2432,11992,9452,1709,15366,20730,11785,10534,9522,1234,2874,816,5479,1020000,1390000
"sub-400",1970,1943,3645,2263,1601,8241,9719,7426,1666,9095,5043,4409,4974,9424,1456,2128,3312,2176,5092,1288,4633,2171,6285,6183,1222,16708,17879,8022,9767,6486,1510,2242,886,5538,893706,1300000
"sub-401",2102,1807,4930,2957,1820,8023,16774,8951,2252,12578,7068,6211,5434,9791,2061,3634,3345,2712,4575,1991,7917,3061,11421,8756,2680,13656,20647,11942,9630,9056,919,2650,649,7534,1130000,1600000
"sub-405",3206,2669,6228,2438,1764,9466,18958,11506,1936,13664,7450,6773,5756,15403,2020,3868,4243,3076,4948,1974,9712,3784,13371,9935,2073,16105,23722,12420,13821,11057,1292,1894,1430,8258,1170000,1700000
"sub-406",1137,2204,6950,3235,1858,7055,9530,7163,1822,9603,7648,5332,5310,6345,1784,3529,4594,2969,5921,1726,9596,2717,12689,9118,2270,16139,21041,11742,7784,7303,982,3004,721,6413,1050000,1390000
"sub-407",2372,1976,4864,2175,1358,9335,13751,10747,2166,10757,6406,4913,5522,10450,1614,3617,3473,2585,3035,1238,8866,2899,11444,10225,1244,11887,22475,11678,12096,11131,843,2342,850,6774,1080000,1500000
"sub-408",1866,1917,6424,2788,1675,8938,14566,10773,1875,12234,7040,6822,5208,9860,1682,3918,3679,2800,4260,1433,8395,2815,13067,8707,1911,12465,19497,13380,10458,8665,1394,2294,831,5676,1050000,1390000
"sub-041",3027,2193,8377,3604,2792,9599,15683,10989,2289,14661,7731,7563,5866,14421,2340,4756,4439,3749,5219,2193,10984,3442,17181,10872,2540,20370,32529,13906,15028,14516,816,2543,1058,7038,1230000,1540000
"sub-413",1952,1603,6135,3317,984,9322,11352,9785,2018,10887,6842,6827,5597,10111,1533,3682,5152,2834,4975,2103,8814,2270,12985,7980,1337,12699,21178,10528,10112,9925,1443,1883,962,7013,1030000,1210000
"sub-417",2183,2066,8279,4129,1653,8344,10785,10229,2598,12403,7376,8184,5356,12641,1804,3626,3416,2676,4406,2951,8057,3515,11554,6795,1721,15436,23557,8664,10493,6370,1244,2998,916,7165,1110000,1540000
"sub-425",1882,1926,7021,3626,1829,10357,14874,12429,2445,15359,8849,7320,6498,11911,1989,4335,4511,2973,5869,1891,12110,3056,14736,12463,2372,20696,27852,14485,13090,11686,881,2899,1197,8461,1270000,1730000
"sub-426",2635,2105,7018,3126,2458,9471,12359,9405,1978,11116,7902,6528,6075,12723,1636,4199,4126,3028,4821,2248,9791,2898,14332,9503,2173,17187,24274,13262,13964,11316,1522,2921,1176,7485,1140000,1690000
"sub-427",2057,2171,4704,2558,1259,7901,12770,9755,1792,9860,7139,5715,4344,10598,1549,2928,2853,2267,3229,1498,8754,2358,10767,9418,2064,12724,16784,11821,9480,8265,806,1759,809,6587,1060000,1510000
"sub-043",2204,1848,3879,2507,1587,7823,11934,11160,1826,10681,6154,5922,5155,11442,2246,3424,3428,2462,4217,1612,8113,3003,11088,9173,1749,13618,20996,11427,11468,9865,1086,2327,847,6488,1040000,1500000
"sub-430",2576,2382,5312,3772,2245,9130,14441,10394,3086,12564,8437,7393,6967,12104,2196,3677,3264,4035,4117,2750,10628,2635,14202,9939,2794,17672,23828,12668,12533,9935,1167,2703,738,7690,1260000,1870000
"sub-432",2307,2561,7578,3889,1438,9523,16533,10047,2487,14147,9225,8175,6599,10971,1843,4346,5746,3945,5248,2572,10680,3133,15305,10374,2795,19278,23185,16285,12320,13865,1099,2400,1172,7706,1250000,1620000
"sub-437",1878,1354,4733,2303,1196,8002,11012,6697,2447,9607,6805,5529,5335,10165,1376,3231,2793,2487,4602,1617,8181,2424,12465,9060,1478,14682,19032,10375,9507,7562,1017,2539,796,6583,986438,1410000
"sub-445",1650,1822,5566,2523,1691,5766,12746,7304,1701,9687,5888,5978,4607,9141,1652,3649,3539,2124,4156,1675,8208,2570,10680,8458,1501,12818,19133,9447,9188,7887,1131,1954,739,5782,965406,948105
"sub-446",2127,2194,6057,2825,1686,7821,12435,7121,1653,10065,6931,5439,5263,10310,1947,4168,3531,2653,4343,1243,9093,2627,11007,9368,1821,14495,22478,9789,11269,9428,935,2517,869,6712,976244,1280000
"sub-045",2135,1355,3647,3497,1131,7648,13856,8356,2575,11610,6035,6237,4647,8917,1436,3152,3440,2821,3193,2270,8198,2366,9977,9880,1630,13950,19948,11094,9218,9020,1264,1839,701,5766,1050000,1430000
"sub-450",2673,2655,6334,4067,2060,12853,19689,13488,3169,17346,7423,7694,5952,14873,2310,5961,4772,3997,5120,2371,11002,4681,14643,12441,3036,18670,28669,14542,13569,12536,2077,2897,1107,8486,1270000,1780000
"sub-451",1541,2153,4152,3027,1043,6583,9693,8428,1682,9133,5276,5645,5272,8194,1253,3375,3055,2190,3261,1835,7404,2898,11604,7754,2076,11240,17445,9903,9195,8895,937,1732,1035,6048,944328,980210
"sub-455",2083,2519,5212,2821,1154,7581,12387,7134,1820,8945,6192,4879,4942,10591,1456,3260,3818,2283,3057,1925,8823,2627,11699,9814,2661,12289,19510,12144,10992,8327,1403,2142,954,6548,1090000,1570000
"sub-460",2805,1493,4924,2611,2678,8501,15571,10114,2471,10308,7369,6350,6001,11944,2002,3401,3898,3067,3741,1459,7013,2675,10082,9687,1920,14116,18021,11722,10184,9461,969,2254,692,6739,1060000,1550000
"sub-461",1964,1962,5083,3184,983,7273,11733,9052,2371,10560,6110,7065,5882,11351,1717,3619,3681,2770,3725,2655,7410,2796,10698,9773,2331,16413,19397,12984,10409,10173,1071,2501,647,7040,1090000,1630000
"sub-048",2705,1540,5285,2831,1463,9588,13492,12420,2193,10810,7922,5810,5905,11753,1794,3226,3282,3049,4205,1405,8307,2434,11829,9948,1828,15759,21237,11179,13149,12565,1141,3111,904,7382,1090000,1820000
"sub-049",2797,1839,9480,3058,1244,9646,10231,11037,2127,13025,8359,6293,6089,16095,1810,4382,5091,2907,5097,1905,11394,3047,13907,10083,2631,18945,28141,9463,14055,10495,1093,2008,1029,6995,1330000,1520000
"sub-005",2347,1809,6811,3148,1962,7351,13439,12252,2373,12330,7357,7374,5387,12004,1826,3469,3782,2739,4382,1999,9114,2584,11923,9489,2381,15403,19713,13715,11352,10619,1084,3014,936,7333,1100000,1450000
"sub-055",1876,2215,4573,3164,1176,8323,15631,9244,2590,14350,6747,6438,5169,11272,1696,4202,3491,3177,3991,1849,8829,2914,14609,10575,2114,16007,20208,13515,11453,10135,1383,3345,1082,7501,1120000,1630000
"sub-056",2350,2007,5935,3394,2532,9951,14994,10093,3156,14984,8954,7281,6225,13118,2041,3655,3512,2941,4225,2202,9933,3402,11400,11591,1933,18211,20898,12597,12802,10543,1376,2884,851,6764,1210000,1650000
"sub-060",2120,3005,7131,3268,1959,12013,16802,13714,3064,12638,8082,7210,6641,14648,2326,3717,2988,2942,4153,2098,10658,3619,15248,12772,2752,16723,25056,14173,11468,10839,1173,3595,915,8426,1220000,1540000
"sub-061",1974,1933,5756,3612,1984,10240,12199,11085,1813,11192,7846,6105,6130,11865,1677,4374,3370,2686,3641,1883,8391,3107,11629,10068,1591,14618,20145,12203,12184,9859,847,2621,980,6992,1090000,1430000
"sub-064",2279,2701,5062,3345,1459,7768,11250,9069,1764,9579,7258,6768,4310,13241,1467,3281,2981,3009,4087,2172,7878,2827,11767,7904,2560,13634,20732,10868,10581,9626,967,1805,790,6665,1030000,1560000
"sub-068",2044,1387,3992,2629,1788,7177,13086,8687,1730,9612,5677,5649,4710,10521,1559,3217,2974,1931,3420,1442,8576,2815,11670,7537,1512,11537,18310,10177,8796,10491,738,2074,836,6382,1e+06,1400000
"sub-007",1659,1237,5797,3443,1621,8740,14573,8477,2147,12037,7284,6232,5499,9575,1562,3706,3812,2584,4234,2178,8431,3036,11684,10036,1616,17475,19953,14736,8746,8706,1294,2130,757,4960,996982,1250000
"sub-089",2195,3089,7923,4326,2262,10295,16328,8369,3163,15853,10125,9911,6991,14960,2025,4757,4025,3862,3742,2971,9563,3154,15145,10661,3233,20051,26329,14982,11960,10476,2097,3199,1046,6506,1250000,1530000
"sub-090",2007,2583,5613,3216,1502,9438,11778,9902,2326,12420,7014,7608,5508,9346,1531,4065,3973,3091,4337,2289,9783,3106,13632,11071,2646,15013,21891,12052,12185,11406,1512,2695,977,7837,1090000,1570000
"sub-092",2864,1969,7093,3648,2228,9683,17625,13734,2867,12653,9089,6642,8119,14945,2109,4768,5053,3256,5467,2659,11177,2704,14464,12677,2420,18520,27238,16082,15015,12512,1370,2830,1024,7842,1280000,1660000
"sub-093",3643,3078,5940,3974,2083,11990,21152,12636,3032,16521,9144,7426,6861,14861,2458,4430,4557,3028,5307,1883,12928,5196,14772,11494,3215,19223,25205,14073,13258,12610,1704,2763,1085,7531,1250000,1640000
"sub-095",1820,2009,5583,3237,1654,9851,13227,8563,2797,8306,7262,6987,5502,12047,1824,3545,3523,2556,4152,2135,8390,3245,11568,12489,1378,13921,23072,13339,11588,9668,1455,1956,812,6567,1020000,1320000
"sub-096",2676,1603,4871,2833,1489,8020,12813,8037,1610,8518,7005,6233,5591,10694,1515,3356,3587,2775,4999,2346,7382,2857,11712,9018,1853,11223,20125,13045,12060,10715,929,3554,873,6690,1060000,1470000
"sub-097",1930,2128,7226,2867,1391,8450,15214,9534,2839,12202,7672,6781,6333,10983,1573,4403,3880,3436,4196,1650,10216,3971,14813,11217,2411,16036,24369,13450,10581,13069,1193,2119,874,7026,1260000,1880000
"sub-911",2832,2167,7764,2981,1462,9608,14821,13160,2517,12252,7738,7205,5594,15772,1988,4037,4526,2950,4512,1853,10387,3377,14958,10187,2202,18733,23349,13205,14104,12608,895,2404,1048,7112,1316940,1685590
"sub-912",2348,1990,4483,2712,1613,8369,10773,9614,1565,10311,6419,5175,5153,11811,1585,3686,3176,2280,3326,1697,9057,2633,11757,7693,1516,12343,21065,10643,12989,10685,962,1877,807,6046,1089560,1323870
"sub-940",2648,1711,5034,2572,675,8906,13471,9159,1695,9763,6954,5698,4766,12376,1669,3031,3472,2686,4497,1563,9794,2704,11521,8767,1988,13698,20757,12237,12818,12000,688,1786,1005,7150,1071260,1047400
"sub-954",2262,1790,5377,2250,1423,8169,11868,6920,2390,9864,6549,5460,5240,10730,1819,3236,3392,2574,3805,1411,8441,3130,12180,9227,2029,13635,21686,11261,12081,9813,1296,2408,878,6386,1020030,1398580
"sub-913",1996,1354,6893,2861,1196,9274,13850,10284,2089,10064,6323,4874,5307,10667,1675,3446,3889,2433,4565,1828,8905,2163,12440,11367,1964,14486,23862,13330,12256,11006,1269,1755,866,6945,1066030,1526030
"sub-919",3065,1866,6793,4551,1823,9282,17929,7790,2357,13516,6814,7382,5961,11148,1885,3880,4398,2938,4843,3280,10439,3086,11862,9357,2431,18151,24152,12911,11087,8838,1398,2986,764,7372,1192820,1656580
"sub-928",2988,1536,6347,2744,1403,9612,15418,9400,2226,9001,7632,5932,5500,13363,1594,3302,4219,3258,4260,1649,9432,3443,13766,9191,2794,18461,25234,10995,15707,14097,1069,2701,1257,7547,1212400,1582200
"sub-951",2040,1746,6083,2634,1318,6932,13551,7696,1725,10840,5553,5891,4679,10393,1946,3670,3062,2035,2464,1942,8491,2292,11975,8972,1263,15185,18852,12060,9230,9537,848,2111,904,5318,1070690,1239120
"sub-969",1761,1383,4806,3147,1454,7875,11262,8814,1925,12568,5885,6437,5168,9804,1776,3248,3704,2509,3635,1834,9269,2438,10296,7859,1696,11929,16487,10430,9167,8959,1137,2318,764,6304,1009590,1487250
"sub-978",2314,2192,5571,3154,1112,7887,12879,9168,2271,11964,7005,6080,5679,11438,1970,3790,4074,2560,4681,1595,8236,3112,11704,8945,1690,12361,21182,11348,11310,9348,1239,2071,862,6549,1072680,1294830
"sub-991",2610,2210,9069,3705,1492,10141,13248,11658,3371,14236,8182,7766,7034,13389,2025,3581,4509,2776,5176,2672,12129,3679,14385,10603,1653,17841,28223,11755,11257,13081,1326,2537,1233,7596,1254670,1641350
"sub-980",2608,1783,3962,3130,1126,8592,14193,9538,2754,11537,7307,6121,5836,12156,1972,3492,3781,2696,3965,2469,8631,3259,11128,9354,1896,15507,21130,10687,11353,10551,1563,2312,750,6616,1100800,1553310
"sub-985",2205,2394,6102,3440,2037,10290,13914,9783,2083,11111,8388,7239,6543,9993,2070,3859,4251,2966,4413,2645,9741,3074,11990,9873,2319,15821,21372,12798,13379,10102,1567,2880,967,7236,1186750,1540140
"sub-997",2073,2442,5451,3285,1655,8716,16322,9038,2370,15396,7100,7000,5935,10195,2014,4230,3261,2529,4282,2162,9455,2672,13716,10372,2138,15245,19949,11877,11462,9932,794,2703,811,7191,1221540,1689380
"sub-903",3742,2238,6850,3825,1598,11841,19400,11053,2231,16245,7546,6799,6257,14642,1870,3771,4573,2701,5044,2288,10182,3493,14736,10535,1910,18913,23225,13996,13696,10145,1195,2606,919,7144,1308770,1800000
"sub-906",2205,1883,5799,3065,1302,8080,14074,8417,2028,12913,6438,5523,5100,10594,1753,3338,2730,2673,3399,2159,7943,2199,10870,7982,1698,15663,20976,11764,11207,9416,1359,2303,915,6538,1111360,1530570
"sub-921",2540,2351,4804,3156,1954,9231,17808,12593,2077,13195,8669,6556,6909,12556,1538,3332,3972,3961,3120,1936,9222,3126,15013,10999,2567,16315,24340,13172,14092,8757,1539,2938,1078,7276,1279360,1644500
"sub-952",2064,1949,6177,3560,1202,9928,11889,10712,1829,11217,7196,6125,4960,12793,1739,4169,4110,2787,4022,2541,9901,2412,14527,11175,1940,13522,23969,12868,13036,12184,1194,1869,1139,6655,1138790,1530810
"sub-970",1916,2634,6180,3483,1175,7436,12092,8747,2116,11925,6536,7617,5696,13025,2140,3682,4777,3053,5179,1863,8808,3126,13870,9403,2482,14130,20610,10184,12726,11291,861,2259,970,7340,1161240,1297950
"sub-974",2215,1422,5032,2773,1828,9693,13781,10597,2570,10256,6434,6030,5477,11748,1923,3646,3977,3129,4628,2002,9334,2843,12632,10013,2283,13949,22245,11645,11808,11071,811,2259,971,7771,1208740,1224390
"sub-983",2263,2405,5076,2389,1171,7762,11286,8605,2227,9749,7135,5066,4841,10104,1753,3591,2760,3105,4689,1582,7831,2699,10748,8991,2217,13342,18641,10768,11750,8661,1011,2239,966,6214,1130870,1519870
"sub-995",2135,2142,5787,3276,1108,8396,17154,10138,2024,11928,6457,5365,4784,11200,1971,4091,3382,2157,4366,2324,9041,2725,13755,8634,1891,13001,22194,13855,9227,10604,1353,2398,1047,6886,1094190,1550460
"sub-907",2418,2036,6873,3174,1476,8992,15416,10698,1583,12538,8420,5716,6299,13643,1744,4678,6266,3438,5696,1739,11403,3078,11449,13018,2806,22599,28149,15033,16347,12994,899,2379,1492,8343,1318650,1821160
"sub-910",2493,2264,6986,3959,2344,12746,20671,12137,2790,16854,8288,8307,5708,13396,2466,5149,4483,3163,4402,3105,10690,3062,15850,11712,2518,16315,24885,14869,13095,11522,1088,2308,980,8061,1379100,1889480
"sub-923",2368,1646,6546,3043,1107,9289,13896,10395,1980,11059,7705,4866,5006,12972,1523,4430,4338,2922,4778,1565,8449,3250,13282,8600,1612,14727,21347,13029,12284,12112,1224,2550,963,6950,1140430,1598570
"sub-930",1717,1913,4650,2756,1658,6629,10076,9041,1700,8664,6910,5684,4811,9704,1653,3469,3530,2298,3996,2004,8016,2157,10984,7187,1684,13519,17188,9300,10318,8876,1098,2142,808,6099,997574,1442200
"sub-946",2260,1783,5992,3168,1467,8873,15667,10144,2054,12446,6943,7061,5349,12442,2798,3727,5388,3283,5207,2031,8104,2625,12460,8404,2416,15209,22239,12234,11889,10607,653,2582,761,7736,1213180,1576350
"sub-971",1854,1341,5437,2216,1578,7448,12992,8949,2635,11211,6230,5789,4743,10784,2050,3832,4799,2226,4257,1865,7434,2385,11723,9155,2118,11069,18916,11312,9353,10249,817,1848,810,5726,1091510,1136790
"sub-901",2584,1645,5643,2256,1348,6826,15246,10012,1720,9497,6309,2862,5161,13104,1792,4161,3707,2434,3842,1789,8026,2888,12957,12352,1673,12030,22724,17039,11250,9150,1483,2391,801,7095,1088890,1539060
"sub-918",2861,1831,5735,2659,1505,9475,14081,9370,1768,11323,6911,6971,5662,11752,1768,3680,3646,2929,3540,1753,9186,2745,12388,9427,1826,15875,21408,12146,12194,9821,1258,2397,1108,6990,1093790,1525570
"sub-920",2272,2083,6285,3295,2263,10964,19282,13328,2755,14728,9790,7702,6747,15163,2806,3846,4902,3025,4586,2161,10990,3706,16287,12160,2637,18149,23790,16844,13203,12411,1446,3606,940,7129,1204160,1464850
"sub-944",2091,2578,6759,3018,2145,9786,13602,10447,2510,11786,8183,7179,5319,10923,2214,4419,3757,2605,3355,1559,9722,3441,13336,9691,2116,14773,19315,14384,10485,10120,1349,2770,879,5898,1137430,1460800
"sub-963",1915,1356,4120,3320,1764,7868,11827,9494,2020,10813,6702,7461,5210,10328,2161,2837,3351,3543,3884,1627,8161,2149,11970,8309,1576,11082,17161,11427,9979,8465,1133,2193,984,6155,980953,1197000
"sub-979",1994,1697,6312,3771,2085,8594,15561,11766,2584,12725,7933,7806,5810,12608,2125,3790,3793,2854,4055,1790,11433,3705,15083,10929,1202,14196,21196,15214,11234,11187,1111,2294,915,6894,1260090,1655820
"sub-939",2642,1614,8570,4786,1617,11174,18367,12824,3768,17300,10190,9345,6793,13987,2213,4731,3907,3199,5293,3050,11374,3861,16260,12032,2267,19688,29950,16046,12032,11375,1187,2834,963,7626,1371590,1713580
"sub-976",2301,2150,4675,3794,1582,7521,13787,9446,2402,11484,6389,6643,5792,11346,2187,3773,3906,3086,4909,1853,9904,2967,11653,10901,1835,11995,20494,13094,9882,10857,1253,2420,730,6400,1034120,1335700
"sub-989",2531,2589,6913,3636,1731,10499,16055,14001,2571,14243,8716,4989,6192,13898,1708,4730,3806,3135,5322,1783,9595,3943,15907,11489,2872,16790,23247,14719,12840,10153,1096,2817,1027,8086,1287680,1709570
"sub-934",2208,3114,5692,3736,2022,9825,14831,11919,2861,12739,7358,6159,5646,11700,1999,3101,3283,2733,3554,2320,9938,2989,11639,12129,2638,15197,20472,13092,12403,11201,1331,3724,1033,6226,1153710,1495730
"sub-929",1849,1675,6221,3512,2312,9510,13303,8707,2498,9947,6472,6459,5840,11075,1850,4327,3525,2734,4093,1863,9827,2682,13769,12259,1933,13269,20913,12852,11723,11153,1486,2660,1144,7295,1128240,1562420
"sub-931",1764,2109,4978,3924,1913,8185,11374,10259,2589,11752,7253,8270,4537,11088,1897,3938,2945,2691,3813,2467,8605,3600,12410,8689,1880,13437,19364,11631,9838,9814,816,2378,775,6575,1050260,1303240
"sub-938",2072,3056,7026,3288,2096,9058,14883,10622,2687,11836,8210,8521,6146,11251,2105,5501,4344,2849,3934,2064,11586,3670,14817,11109,2259,15134,23248,13544,11078,10527,1220,2995,1042,6999,1179880,1532810
"sub-961",2082,1995,6623,3684,1882,8653,15165,11233,2806,11910,9640,5949,5675,13745,2187,3969,4819,3067,4331,2245,9109,3912,14463,9737,2099,15756,22780,12358,11363,10796,1232,2604,1007,6688,1135910,1432670
"sub-977",2925,3247,8611,4267,2152,11235,16167,12297,2846,15635,8993,8459,5800,16893,2328,4800,5642,2728,5741,2828,11292,5014,17288,11776,3073,17847,26798,14459,17454,11618,1158,2812,1234,8727,1316820,1553560
"sub-909",2465,2265,5050,3637,1679,8736,15009,9441,2654,13700,7837,6239,5702,11139,1836,3402,3659,2523,3784,1902,7567,3013,11306,8882,2322,13323,18718,10947,11321,10326,1032,2615,988,6969,1042820,1428000
"sub-941",1901,1771,4615,2891,1601,8649,12356,11503,2297,11966,6489,5836,4448,11829,2107,3740,3472,1936,4206,1735,7982,2771,10457,7807,1830,11744,18088,11763,10777,9438,777,2950,875,7210,978409,1415830
"sub-950",2042,2119,4998,2941,2064,6180,13016,8667,2547,12129,6992,6782,5153,13662,1783,4427,3546,2825,3768,1739,8936,2980,12690,10082,1841,14139,20524,13011,11011,8576,1062,2790,951,6623,1062090,1418880
"sub-965",1367,1824,5187,2982,2001,7594,11522,10195,2511,10708,6218,7042,5081,10293,2020,3219,3531,2648,4150,1681,7745,2960,10773,8149,1313,13596,19915,9986,8431,7496,1281,2932,815,6362,930427,1246800
"sub-992",2350,1706,5633,4441,1748,9550,17941,10994,2643,12402,6284,5830,5698,13053,1976,3909,3642,2352,2808,2548,9836,2939,13673,9497,1578,13529,20594,14245,11281,10562,1367,2707,773,6249,1102190,1370620
"sub-932",2834,2527,6187,4086,2065,12469,18643,13660,3135,16005,9192,7991,6441,14678,2070,4887,4535,3970,6222,2506,11788,4572,14629,12348,2744,16620,24442,16220,14023,14388,1527,3452,1260,8445,1378640,1803490
"sub-943",2063,1961,7652,3188,2235,9898,14579,10383,2983,13076,7893,7534,5150,12508,2224,4019,3803,2984,3996,2229,11939,3277,14638,11328,2303,16042,21993,12539,11831,10691,1232,3362,1147,8203,1187160,1513790
"sub-958",1896,1861,5918,4082,2436,10622,15637,12334,2362,14713,8038,7852,6667,11990,2229,4621,3585,3311,3648,3712,9359,3234,13348,10040,2221,16378,24771,12885,10884,9976,1471,3029,953,6652,1154120,1397780
"sub-967",2122,2525,7115,2878,1432,9781,16277,10028,2590,13562,8164,7493,5584,12643,2000,3930,3903,2332,4006,1859,8604,3459,12843,10001,2779,15438,20435,14538,11682,10651,1306,2309,878,7432,1146950,1469040
"sub-968",2297,1813,7063,3348,2376,8651,15978,12653,2208,10780,7630,7531,5901,13773,2309,4395,4129,2704,4652,1808,10132,3467,13918,10390,1778,17270,23981,15932,11741,11050,1149,2988,862,7469,1237840,1578570
"sub-994",2065,1850,5633,4476,2142,8436,14733,9935,2618,11418,7849,7038,4805,10909,2630,4424,3448,2378,3455,2921,8909,3328,13137,8972,2252,15889,22436,14788,12898,9069,1414,2346,779,6468,1115930,1471770
"sub-914",1776,2615,5853,3923,1688,9458,20071,11347,2682,13746,8123,8301,5516,12632,2389,3908,3840,3311,4944,2200,8094,4129,13720,10236,2637,16205,21064,14527,12919,7866,1229,2794,758,8086,1190580,1489040
"sub-933",2185,2907,7953,3726,1626,11235,17397,11129,2877,14588,8961,6888,6846,14909,2056,4849,4529,2873,4578,1757,11652,3863,14691,11434,2491,15759,23504,16001,12356,11032,1348,2499,1009,7235,1341530,1662890
"sub-915",2040,1718,5495,3689,1849,8616,14532,12985,2769,14265,7593,7222,5516,12314,2246,3982,4085,2376,4538,2261,10096,2986,11768,11916,2331,14976,23162,13808,12934,10337,1332,2772,1019,6677,1126940,1417630
"sub-959",1947,1663,5684,3479,1569,9720,15337,9960,3004,15517,7904,7180,5757,11744,2210,3278,3863,2943,4596,3015,10061,3110,12951,10165,2151,14347,19615,10654,10668,9108,1167,3324,774,7231,1189410,1528620
"sub-987",2651,1587,6030,2811,2137,8731,16067,11352,1955,10607,8263,5034,5526,12025,1896,3759,3846,3256,3913,1966,9140,2746,13571,10414,1727,14036,21051,13199,11630,10954,1444,2449,835,5967,1146060,1408810
"sub-904",1930,1837,5119,3026,1713,7512,14205,9588,2053,10519,6432,6362,4701,10775,2324,3571,3369,2718,4246,1749,7324,2431,10745,8368,1836,14460,18917,12742,10923,7833,1210,2676,812,6369,968278,1274440
"sub-922",1343,1550,4653,2470,2180,8039,11365,9578,1993,9789,7061,6966,4635,10182,1749,2858,2992,2631,3626,1686,7442,2400,9962,8244,1229,13116,16655,11082,9267,8496,1318,2705,654,5943,923191,1048010
"sub-957",2409,2205,7956,3958,2506,8866,18945,12167,2595,14136,9108,7298,6496,14262,2385,4580,4151,3320,4359,2534,11286,3728,15191,11236,2862,16732,24330,15489,11706,10683,1589,2846,975,7039,1212000,1421820
"sub-964",2315,2510,4806,3022,1827,9070,12914,8791,2160,10987,7522,5919,5633,11480,1629,3478,3938,2088,4739,1598,9427,3525,12868,10903,1786,12974,16599,14170,10555,9073,1092,2849,651,5682,1026030,1342500
"sub-905",2867,2488,5174,3857,2460,11205,18778,12651,2697,13543,8148,6751,6688,13930,2581,4856,4026,3177,4026,2173,11445,4658,15175,12688,2322,16315,26520,14633,13165,13065,1067,2962,1087,8700,1294870,1651820
"sub-916",2086,1666,6092,3618,1835,10241,13758,11533,2372,11894,8792,6703,5557,12385,1936,3411,3194,2612,3839,2308,8476,2752,12082,10729,2409,17330,21855,16061,12268,9900,1247,2717,956,5891,1186400,1541580
"sub-917",1979,1723,7478,4278,3098,12082,17926,13502,3225,15213,9460,8218,6464,12573,2277,5627,3880,3774,4688,2678,10869,3405,15914,12473,2459,19833,27027,16539,12681,12886,1070,2969,1278,9299,1331240,1717910
"sub-937",2332,1987,5737,3064,1424,8634,13674,10099,2139,11285,7115,6309,4925,10755,2056,5078,3269,3038,4753,1675,9878,3500,13232,9324,2054,15827,22398,11734,10655,9635,1152,2699,729,5804,1137700,1395750
"sub-993",2939,2207,6608,4235,1346,9841,17645,11500,3672,13931,9229,10033,6143,14810,2149,4533,3544,3294,4844,3099,10153,3209,13587,12264,2472,19041,24670,15913,12254,12760,1209,3240,947,7338,1230790,1521540
"sub-924",2131,2061,6136,2655,2005,10886,16866,11933,2202,13500,8461,4972,6062,13747,1965,4115,4333,3076,4674,1440,9953,3365,14518,10612,1743,15925,21686,16914,12526,11771,1586,2537,906,6653,1198840,1495870
"sub-960",2415,2383,7131,4268,2197,9572,13553,10256,2573,14590,8230,7893,6554,11853,2274,3652,5282,3513,4351,2566,9794,3392,13457,10247,2199,14360,20952,14113,12177,9581,1342,2972,864,7411,1078660,1473490
"sub-981",2819,3111,7874,4313,2003,11966,18566,15533,3425,14410,9159,8339,6239,15313,2154,4395,4804,3188,5230,2262,12289,4082,16028,12188,2453,18245,25841,14239,13681,12983,1273,3046,1058,6833,1315630,1664920
"sub-935",1906,2157,4333,3236,1954,9352,14280,12046,2409,13279,8176,5420,6538,9771,1954,4725,5000,3360,5380,1771,7994,3432,12714,11311,2082,13950,21022,15767,11550,11250,1255,2806,848,6385,1081310,1403310
"sub-982",2832,1761,6807,4691,2931,11261,18293,13489,2590,15247,8596,8578,5757,12085,2625,4700,3315,3375,3273,3761,8977,3533,13557,11579,2439,18448,30141,15831,12367,11366,1351,4043,953,7471,1416560,1896140
"sub-947",1670,2073,4540,2683,1307,7167,11767,8622,2130,11405,7093,5680,5013,9474,1993,3860,2973,2334,3205,1196,9150,3120,13030,8255,1725,11832,18939,11308,10834,7680,783,2454,781,5905,1012370,1314390
"sub-956",2687,1554,5998,2679,1770,9533,13941,9785,2568,9826,8415,5495,5869,12681,1934,5059,3988,2419,3477,1687,8892,3014,13533,10548,1647,15055,24891,14810,11650,11913,979,2663,885,6798,1137430,1432260
"sub-975",1902,2282,5604,2737,1712,8073,13019,10061,2197,12294,7641,7883,6126,10522,1858,3795,2972,3034,3653,1708,7133,3173,12251,8241,2025,14977,21488,12131,10660,8243,1299,2363,999,6088,965649,1304030
"sub-984",1846,1956,3644,1970,1772,9346,10816,8512,1881,8741,6015,4327,5070,11181,1921,3752,2961,2471,4023,1326,8425,2767,11041,7082,1298,12668,17991,10738,10884,9378,884,2617,756,5807,952029,1257660
"sub-998",2057,3280,6513,4572,2377,11603,15819,13332,3283,15263,9194,9096,6773,12121,2622,4701,5279,3023,5415,3322,10472,3594,14719,15157,2756,17958,25019,17267,13575,11925,1423,3337,1251,7584,1337380,1714540
"sub-953",2484,1303,5167,2849,2053,10534,12091,8498,2257,11545,8057,6530,5658,13151,1719,3669,3271,2845,3236,1959,9054,3414,13871,9694,1528,13220,19689,10723,11147,10411,986,2511,1033,7569,1005120,1392030
"sub-973",1603,2286,4404,2877,1701,9004,16162,12655,2230,11846,7281,5029,5940,12458,1440,4278,3138,2570,3312,1403,9965,3181,11498,10177,2282,14655,19001,14536,10839,9628,963,2677,816,6747,1044120,1397810
"sub-948",2241,1826,7032,3766,1566,7906,13859,10185,2770,10392,7796,6245,5522,14457,1951,3285,3697,2847,4439,1839,11348,3438,13948,9781,1897,15459,23182,11766,12354,10042,1232,2603,1060,6824,1123410,1460070
"sub-962",2292,2818,7801,3589,1630,9101,15148,11692,2826,13848,8335,8342,5615,13955,2317,4491,5307,3127,5363,2420,11054,3906,12920,11369,2777,18754,29924,10310,12214,10371,1308,3078,994,7999,1172530,1441890
"sub-986",1822,1651,4583,2560,1955,9101,14717,8032,1982,11586,6653,6585,5143,9909,1897,5044,3306,2516,3104,1678,9448,3266,10350,8386,1799,12139,19757,12906,9886,9867,1055,2854,753,6680,990163,1303020
"sub-966",2271,1518,4087,2955,1763,9023,15591,10298,2667,10265,6371,6612,4670,12032,1689,3868,3413,2492,3566,2248,10114,3252,12941,8502,2600,16317,20812,11109,10841,10252,1155,3017,800,6677,1121510,1483130
"sub-988",2578,2551,7305,3433,2082,11443,14038,12274,2835,14527,9366,7986,6466,14985,2351,5208,4169,3755,4815,2219,11165,4868,16185,9295,2032,15546,25480,13530,14604,12920,1131,2937,1078,8411,1332680,1821540
"sub-926",1957,1497,5602,3674,2030,8844,12456,9703,2160,12075,7169,7770,5239,9954,2057,4307,3368,2509,3230,3235,8030,2442,11485,10619,1383,14342,18474,14750,9804,8478,946,2408,763,5874,1061450,1300140
"sub-945",1685,1288,5557,3611,1414,9493,15146,10133,1965,13019,7450,5862,5930,12135,1945,3802,3637,2977,4229,2030,9118,3097,11762,9676,1723,14765,20007,11236,11291,9003,880,2633,720,5983,1113930,1388860
"sub-972",1880,2796,7057,3690,1572,10443,18658,9324,2432,13627,7191,8061,6097,13811,2171,4777,4560,2945,5296,2535,9748,4119,15963,9648,2469,16953,26344,14277,14393,9497,1376,3252,1142,8534,1316500,1753320
"sub-990",2338,2166,5980,3408,1811,8537,14256,11993,2736,14361,7052,6222,5449,13452,2328,3926,4216,3523,4427,1929,8712,3128,12005,10609,1986,15848,22985,13820,12584,8930,1343,3114,796,7110,1152470,1471620
"sub-996",2382,2099,5157,3677,1797,7442,14179,10173,2212,12314,6581,7448,5146,14077,2312,4529,3343,2506,2912,3104,8342,3226,12156,9266,2043,15826,20692,11809,10551,8403,1429,2672,711,5228,1052200,1363320
"sub-908",2362,1969,4746,3107,1113,8107,15032,10303,2237,10221,7202,6328,4788,12363,1854,4862,3927,3003,3629,1946,10610,3210,14077,10006,1966,13806,20677,13990,10143,10440,1187,2120,754,6000,1115760,1448110
"sub-925",2077,1595,5908,4160,2174,10129,12384,11654,2263,13315,7199,7874,5647,10887,1736,5355,5140,3057,4902,2191,10727,3329,13777,10292,1779,13754,23125,16096,13639,11184,1325,2792,1073,8271,1157660,1397130
"sub-936",2037,1743,5526,2761,1782,7122,13915,9020,2480,11760,7874,6336,4903,13029,2318,3560,3546,2761,4453,1692,8028,2659,12160,8577,1412,14740,19126,11180,9922,8120,1275,2823,807,6754,1080590,1373780
"sub-955",1898,1697,5576,2526,1881,6806,10891,7778,2030,8804,6970,5377,5209,9164,1667,3608,2823,1981,3199,1990,7895,2621,11631,8729,762,12790,17384,8870,10920,7635,975,2536,693,5273,941842,1182770
"sub-902",2235,1585,5024,3564,2166,8402,17041,13036,2239,13694,6662,7407,6492,13840,2438,3952,3773,3042,5030,2419,7847,3576,12639,9350,1888,17332,24118,12557,12509,9377,1492,2082,802,8148,1119510,1420630
"sub-942",2176,2086,7496,3461,1573,9125,15234,10336,1871,13147,7113,5170,5484,11714,2050,3631,3474,2702,4313,2346,9745,3417,12894,9015,1987,15112,21402,12984,11874,9725,995,2431,965,6995,1126320,1446650
"sub-949",2153,2207,6242,3248,1636,9898,12543,9146,2937,12372,7719,7219,5723,9819,1656,3679,4000,2860,4455,2025,11019,3085,13362,10137,2168,13375,19109,13977,12516,11346,1288,2945,902,6875,1051640,1300580
"sub-999",2189,2586,8361,3624,2104,9564,15122,10480,2719,12421,9020,8790,6479,13383,2306,3945,3738,3375,4668,2342,8893,3543,15531,8280,2476,16041,24962,10302,12082,8326,1241,3162,896,6892,1192120,1442370
"sub-927",1847,1746,5834,3240,1770,8495,14980,10361,2412,12479,7363,6404,6495,11399,2150,3517,3573,2796,4127,2277,8542,3273,11185,9504,2269,16069,21307,11995,11126,9690,1110,2493,790,6648,1055660,1463640
