"SubjectID","rh_bankssts_thickness","rh_caudalanteriorcingulate_thickness","rh_caudalmiddlefrontal_thickness","rh_cuneus_thickness","rh_entorhinal_thickness","rh_fusiform_thickness","rh_inferiorparietal_thickness","rh_inferiortemporal_thickness","rh_isthmuscingulate_thickness","rh_lateraloccipital_thickness","rh_lateralorbitofrontal_thickness","rh_lingual_thickness","rh_medialorbitofrontal_thickness","rh_middletemporal_thickness","rh_parahippocampal_thickness","rh_paracentral_thickness","rh_parsopercularis_thickness","rh_parsorbitalis_thickness","rh_parstriangularis_thickness","rh_pericalcarine_thickness","rh_postcentral_thickness","rh_posteriorcingulate_thickness","rh_precentral_thickness","rh_precuneus_thickness","rh_rostralanteriorcingulate_thickness","rh_rostralmiddlefrontal_thickness","rh_superiorfrontal_thickness","rh_superiorparietal_thickness","rh_superiortemporal_thickness","rh_supramarginal_thickness","rh_frontalpole_thickness","rh_temporalpole_thickness","rh_transversetemporal_thickness","rh_insula_thickness","rh_MeanThickness_thickness","BrainSegVolNotVent","eTIV"
"sub-101",2.87,2.48,2.6,1.81,3.39,2.79,2.44,2.87,2.29,2.34,2.67,1.98,2.39,2.74,2.58,2.5,2.75,2.72,2.61,1.6,2.19,2.38,2.58,2.41,2.8,2.32,2.62,2.34,2.81,2.61,2.55,3.91,2.78,3.19,2.51,1170000,1620000
"sub-106",3.07,2.86,2.74,2,2.63,2.82,2.46,2.79,2.85,2.19,2.92,2.1,3.2,2.88,2.8,2.66,2.77,3.19,2.8,1.78,2.27,2.84,2.5,2.39,2.86,2.62,2.86,2.13,2.95,2.72,3.3,3.76,3.35,3.48,2.64,1010000,1480000
"sub-011",2.35,2.68,2.4,1.77,3.47,2.67,2.3,2.53,2.98,2.13,2.47,2.2,2.28,2.58,2.87,2.57,2.65,2.64,2.37,1.8,2.14,2.62,2.48,2.38,3.32,2.2,2.75,2.18,2.64,2.51,2.29,3.54,2.6,3.05,2.42,1150000,1500000
"sub-114",2.64,2.33,2.58,1.83,3.1,2.76,2.44,2.74,2.65,2.21,2.68,2.05,2.87,2.95,2.35,2.24,2.64,2.49,2.46,1.53,2.15,2.67,2.41,2.34,2.85,2.44,2.72,1.99,2.86,2.43,2.74,3.91,2.77,3.36,2.48,1070000,1520000
"sub-115",2.75,2.29,2.46,1.75,3.26,2.53,2.39,2.5,2.55,2.17,2.71,1.97,2.98,2.65,2.76,2.39,2.48,2.57,2.36,1.42,2.1,2.62,2.49,2.4,2.8,2.37,2.71,2.08,2.58,2.6,2.62,3.46,2.7,3.14,2.43,1150000,1570000
"sub-118",2.71,2.49,2.65,1.96,3.5,2.82,2.6,2.88,2.96,2.32,2.74,2.06,2.55,2.96,2.45,2.47,2.53,2.72,2.54,1.69,2.12,2.81,2.59,2.46,3.04,2.33,2.74,2.13,2.85,2.74,2.67,3.97,2.68,3.18,2.55,1280000,1810000
"sub-120",2.51,2.21,2.4,1.88,3.1,2.91,2.43,2.91,2.81,2.29,2.67,2.42,2.43,2.97,2.84,2.72,2.59,2.28,2.38,1.56,2.19,2.81,2.43,2.42,2.78,2.2,2.59,2.14,3,2.54,2.44,3.74,2.62,3.16,2.5,1220000,1640000
"sub-125",2.68,2.46,2.53,2.2,3.2,2.73,2.54,2.62,2.91,2.34,3.18,2.21,2.95,2.95,3.1,2.25,2.9,3.01,2.71,1.46,2.53,2.69,2.24,2.49,3.01,2.54,2.86,2.06,2.89,2.64,2.83,3.99,2.53,3.37,2.6,1030000,1350000
"sub-126",2.63,2.63,2.48,1.97,3.15,2.59,2.39,2.6,2.65,2.24,2.88,1.91,2.53,2.67,2.61,2.42,2.51,2.47,2.51,1.76,2.09,2.5,2.48,2.41,2.65,2.43,2.65,2.17,2.58,2.41,2.38,3.52,2.36,3.09,2.44,1100000,1540000
"sub-127",2.41,2.59,2.26,1.78,2.89,2.58,2.15,2.78,2.75,2.11,2.47,2.02,2.56,2.53,2.71,2.14,2.36,2.27,2.13,1.47,2.29,2.51,1.84,2.41,2.8,2.12,2.53,2.14,2.55,2.54,2.46,3.39,2.17,2.94,2.34,864238,1080000
"sub-132",2.65,2.26,2.44,1.7,3.46,2.74,2.4,2.92,2.55,2.2,2.6,1.94,2.65,2.84,2.45,2.27,2.65,2.3,2.33,1.53,2.02,2.64,2.44,2.17,2.53,2.25,2.7,1.98,2.71,2.51,2.74,3.59,2.24,3.14,2.43,1760000,2020000
"sub-135",2.3,2,2.46,1.92,3.82,2.84,2.33,2.78,2.27,2.21,2.47,1.97,2.3,2.65,2.73,2.55,2.39,2.56,2.29,1.67,2.19,2.36,2.45,2.35,2.39,2.17,2.5,2.14,2.63,2.46,2.64,3.5,1.92,2.71,2.38,997346,1360000
"sub-142",3.05,2.19,2.46,1.92,3.13,2.66,2.45,2.6,2.5,2.27,3.05,1.91,2.63,2.98,2.82,2.64,2.87,2.86,2.53,1.53,2.16,2.65,2.48,2.4,3.14,2.47,2.71,2.02,2.91,2.71,2.83,3.96,2.64,3.46,2.54,1020000,1450000
"sub-143",2.6,2.23,2.35,1.89,3.25,2.78,2.46,2.73,2.73,2.12,2.56,1.95,2.43,2.68,2.39,2.33,2.73,2.38,2.46,1.68,2.03,2.67,2.32,2.53,3.05,2.36,2.71,2.15,2.85,2.66,2.32,3.86,2.72,3.05,2.46,1190000,1560000
"sub-144",2.87,2.51,2.45,2.11,3.19,2.74,2.51,2.63,2.74,2.21,2.66,2.14,2.43,2.89,3,2.62,2.5,2.94,2.2,1.59,2.01,2.82,2.43,2.42,3.12,2.32,2.68,2.19,2.79,2.6,2.49,3.22,2.52,3.04,2.47,945422,1260000
"sub-145",2.57,2.56,2.4,1.74,3.05,2.46,2.45,2.96,2.58,2.16,2.71,1.66,2.3,2.66,2.52,2.35,2.52,2.58,2.43,1.37,2.05,2.59,2.36,2.4,2.68,2.38,2.61,2.11,2.65,2.51,2.68,3.63,2.09,2.85,2.4,1210000,1660000
"sub-147",3.04,2.55,2.38,1.79,3.03,2.41,2.45,2.64,2.73,2.15,2.78,1.71,3.05,2.75,2.82,2.39,2.79,2.91,2.39,1.7,1.98,2.46,2.43,2.33,3.2,2.39,2.68,2.07,3.08,2.6,2.71,4.08,2.4,3.24,2.46,1100000,1500000
"sub-149",2.74,2.24,2.55,2.02,2.83,2.74,2.46,2.76,2.57,2.19,3.15,1.98,3.08,2.76,3.01,2.47,2.81,2.92,2.93,1.48,2.06,2.77,2.41,2.41,2.95,2.57,2.79,2.19,3.04,2.69,3.11,4.25,2.61,3.25,2.58,1090000,1320000
"sub-152",2.81,2.5,2.79,2.03,2.79,2.72,2.61,3.05,2.98,2.32,2.92,2.45,2.66,3.07,2.77,2.66,2.75,3.05,2.75,1.56,2.41,2.82,2.8,2.63,3.17,2.5,2.93,2.23,3.06,2.86,2.47,4.1,2.78,3.15,2.68,1120000,1540000
"sub-154",3.01,2.28,2.54,1.81,3.04,2.71,2.62,2.88,2.86,2.21,2.68,1.96,2.71,2.97,2.71,2.55,2.73,2.64,2.5,1.34,2.2,2.42,2.63,2.64,3.12,2.42,2.72,2.29,3.08,2.69,2.57,3.62,2.19,3.11,2.55,1230000,1690000
"sub-155",3.3,2.23,2.47,1.86,2.99,2.83,2.51,2.75,3.1,2.26,3.1,2.06,2.98,2.88,2.96,2.68,2.79,2.94,2.74,1.63,2.35,2.77,2.76,2.49,2.91,2.47,2.81,2.17,2.84,2.78,2.39,3.73,3.64,3.34,2.63,1060000,1150000
"sub-016",2.43,2.23,2.27,1.84,3.53,2.63,2.33,2.58,2.69,2.06,2.58,1.82,2.33,2.66,2.73,2.41,2.49,2.58,2.17,1.59,1.98,2.23,2.27,2.26,2.66,2.11,2.42,2.07,2.56,2.43,2.06,3.51,2.42,2.9,2.3,1100000,1430000
"sub-162",2.71,2.42,2.51,2.11,3.27,2.73,2.52,2.75,2.51,2.3,2.78,2.14,2.57,2.93,2.87,2.41,2.84,2.96,2.57,1.72,2.2,2.64,2.51,2.58,3.34,2.47,2.78,2.21,2.78,2.82,3.22,3.61,2.36,3.25,2.56,1080000,1480000
"sub-164",2.63,2.36,2.36,1.94,3.49,2.8,2.59,2.73,2.5,2.15,2.79,2.05,2.43,2.87,2.92,2.77,2.74,2.83,2.69,1.67,2.14,2.5,2.58,2.62,2.72,2.13,2.64,2.32,2.98,2.54,2.07,4.36,2.52,3.22,2.52,987407,1300000
"sub-176",2.81,2.58,2.65,2.02,2.87,2.63,2.6,2.48,2.67,2.17,2.94,1.94,2.61,2.81,2.82,2.24,2.69,2.92,2.77,1.3,2.02,2.63,2.37,2.46,2.95,2.57,2.76,2.13,2.65,2.71,2.56,3.41,2.53,3.54,2.51,1190000,1640000
"sub-185",2.55,2.8,2.51,1.88,3.51,2.74,2.48,2.74,2.57,2.06,2.74,1.99,2.34,2.86,3.36,2.64,2.69,2.66,2.37,1.73,2.16,2.54,2.64,2.54,2.88,2.24,2.8,2.15,2.77,2.66,2.08,3.83,2.74,3.08,2.49,1070000,1400000
"sub-186",2.23,2.24,2.5,1.98,2.81,2.53,2.29,2.52,2.47,2.08,2.81,1.83,2.63,2.62,2.57,2.19,2.65,2.91,2.58,1.49,1.9,2.74,2.24,2.23,3,2.56,2.58,1.91,2.81,2.36,3.42,3.59,2.84,3,2.38,959288,1460000
"sub-197",2.66,2.46,2.32,1.89,3.55,2.55,2.17,2.79,2.63,2.09,2.58,1.75,2.51,2.84,2.78,2.46,2.34,2.64,2.53,1.45,1.87,2.56,2.18,2.33,3.15,2.39,2.62,2.06,2.65,2.36,3.01,3.76,2.37,3.2,2.35,1010000,1290000
"sub-199",2.7,2.37,2.75,2.08,3.64,2.89,2.61,2.67,2.27,2.17,2.65,2.07,2.51,2.82,2.74,2.79,2.48,2.7,2.6,1.51,2.21,2.66,2.67,2.61,3.11,2.41,2.86,2.26,2.85,2.78,2.78,4.11,2.55,3.14,2.56,1050000,1300000
"sub-201",2.49,2.18,2.24,1.85,2.86,2.46,2.2,2.72,2.49,2.18,2.68,1.82,2.56,2.74,2.62,2.23,2.48,2.35,2.35,1.58,1.9,2.42,2.25,2.27,3.02,2.23,2.44,1.94,2.57,2.43,2.73,3.41,2.25,2.92,2.31,1180000,1760000
"sub-203",2.63,2.23,2.44,1.71,2.76,2.48,2.37,2.6,2.64,2.23,2.66,1.79,2.58,2.8,2.41,2.16,2.37,2.43,2.57,1.7,1.98,2.71,2.32,2.11,2.78,2.32,2.66,2.1,2.62,2.47,3.39,3.11,2.32,2.93,2.38,886882,1170000
"sub-207",2.55,2.34,2.3,1.71,2.77,2.66,2.33,2.45,2.45,2.25,2.86,1.77,2.54,2.61,2.63,2.47,2.45,2.54,2.49,1.43,1.95,2.54,2.32,2.29,2.52,2.3,2.61,2.08,2.83,2.48,2.77,3.71,2.2,3.15,2.4,877423,1140000
"sub-208",2.7,2.59,2.54,1.79,3.76,2.84,2.55,2.76,2.43,2.15,2.73,2.02,2.33,3,3.12,2.56,2.67,2.55,2.47,1.54,2.03,2.47,2.59,2.59,2.99,2.29,2.64,2.22,2.86,2.7,2.79,3.54,2.78,3.14,2.51,1160000,1520000
"sub-215",2.58,2.84,2.45,2.2,3.31,2.84,2.58,2.74,2.78,2.21,2.75,2.12,2.48,2.55,2.75,2.45,2.38,2.81,2.56,1.57,2.06,2.84,2.51,2.64,3.18,2.42,2.79,2.28,2.74,2.58,3.2,3.37,2.34,3.3,2.53,1090000,1420000
"sub-217",2.4,2.63,2.52,1.92,3.45,2.67,2.39,2.74,2.68,2.07,2.42,2.03,2.58,2.66,2.73,2.39,2.23,2.45,2.35,1.47,1.99,2.72,2.28,2.4,2.93,2.32,2.58,2.02,2.79,2.45,2.4,2.84,2.33,2.86,2.38,1010000,1430000
"sub-219",2.39,2.12,2.41,2,3.29,2.44,2.33,2.3,2.44,2.31,2.42,1.97,2.47,2.42,2.46,2.39,2.52,2.47,2.31,1.73,2.04,2.93,2.28,2.36,2.69,2.35,2.62,2.05,2.53,2.46,2.75,3.6,2.22,3,2.35,1240000,1700000
"sub-222",2.77,2.3,2.55,2.08,3.29,2.7,2.4,2.74,2.96,2.2,2.84,2.17,2.45,2.85,2.86,2.65,2.51,2.6,2.59,1.93,2.13,2.71,2.41,2.5,2.52,2.4,2.57,2.17,2.72,2.59,2.75,3.58,2.63,3.21,2.5,992910,1270000
"sub-227",2.44,2.2,2.34,2.04,2.68,2.63,2.32,2.58,2.57,2.4,2.69,2.37,2.74,2.49,2.58,2.64,2.71,2.14,2.26,1.62,1.98,2.51,2.47,2.41,2.71,2.21,2.44,2.18,2.76,2.54,2.68,3.06,2.7,2.95,2.42,1e+06,1080000
"sub-229",2.68,2.85,2.45,1.88,3.39,2.8,2.49,2.78,2.67,2.35,2.83,2.13,3.08,2.74,2.98,2.57,2.62,3.02,2.46,1.64,2.01,2.78,2.38,2.48,3.01,2.42,2.67,2.22,2.64,2.48,2.44,3.85,2.59,3.3,2.52,1010000,1120000
"sub-023",2.67,2.43,2.57,1.83,3.87,2.97,2.25,3.02,2.75,2.33,3,2.06,2.82,2.89,2.94,2.29,2.94,2.82,2.53,1.36,2.25,2.35,2.07,2.51,3.2,2.44,2.88,2.12,2.8,2.5,3.28,4.17,2.68,3.36,2.54,1050000,1360000
"sub-236",2.9,1.96,2.5,1.92,2.96,2.66,2.56,2.71,2.88,2.25,2.99,1.99,2.62,2.73,2.78,2.6,2.98,2.62,2.8,1.72,2.06,2.81,2.51,2.43,2.67,2.42,2.69,2.2,2.92,2.73,2.54,3.56,2.58,3.18,2.53,1140000,1520000
"sub-240",2.8,2.33,2.56,2.18,2.94,2.78,2.8,2.91,2.54,2.37,2.92,1.87,3,2.91,2.78,2.63,2.78,2.69,2.64,1.51,2.2,2.77,2.59,2.62,3.24,2.52,2.8,2.41,2.94,2.78,3.04,4.01,2.61,3.17,2.62,1150000,1570000
"sub-246",2.47,2.64,2.48,1.94,3.05,2.38,2.48,2.75,2.74,2.17,2.77,1.89,2.87,2.68,2.23,2.5,2.64,2.58,2.6,1.58,2.19,2.8,2.63,2.49,3.08,2.59,2.79,2.19,2.86,2.53,2.57,3.82,2.32,3.26,2.52,1210000,1810000
"sub-250",2.49,2.15,2.2,1.59,3.18,2.5,2.3,2.6,2.33,2.1,2.61,1.85,2.27,2.61,2.38,2.16,2.36,2.45,2.12,1.34,1.91,2.32,2.27,2.21,2.5,2.17,2.21,1.97,2.62,2.4,2.23,3.35,1.92,2.66,2.24,1050000,1470000
"sub-251",2.94,2.59,2.63,2.14,3.25,2.78,2.49,2.74,2.71,2.36,2.57,2.19,2.48,2.94,3.18,2.37,2.78,2.93,2.74,1.69,2.28,2.68,2.51,2.4,3.21,2.56,2.92,2.16,3,2.7,2.48,3.65,2.44,3.31,2.59,1050000,1600000
"sub-026",2.64,2.3,2.44,1.93,3.53,2.73,2.49,2.71,2.59,2.14,2.85,1.91,2.66,2.74,2.65,2.56,2.51,2.43,2.43,1.78,2.05,2.54,2.45,2.48,2.75,2.33,2.67,2.04,2.73,2.53,2.23,3.69,2.5,3.22,2.46,1160000,1410000
"sub-263",2.9,1.86,2.77,2.13,2.86,2.54,2.59,2.78,2.64,2.36,2.98,1.84,2.79,2.95,2.39,2.64,2.81,2.58,2.89,1.79,2.23,2.22,2.69,2.63,2.79,2.57,2.77,2.1,2.93,2.79,3.19,3.7,2.35,3.01,2.58,992203,1490000
"sub-264",2.71,2.74,2.39,1.85,2.8,2.99,2.46,2.75,2.78,2.28,2.88,2.09,2.49,2.9,2.98,2.52,2.65,2.81,2.54,1.52,2.25,2.69,2.6,2.47,3.25,2.36,2.71,2.25,2.95,2.82,2.67,3.75,2.82,3.1,2.55,855774,871677
"sub-267",2.86,2.89,2.62,1.91,3.77,2.98,2.64,2.87,2.94,2.4,2.81,2.23,2.58,3.16,3.17,2.76,2.91,2.63,2.51,1.65,2.19,2.86,2.7,2.62,3.14,2.35,2.82,2.35,3.05,2.8,2.49,4.14,2.97,3.24,2.66,1270000,1660000
"sub-270",3.08,2.69,2.7,2,2.98,2.83,2.66,2.93,3.11,2.4,3.08,1.96,2.69,3.25,2.92,2.58,2.98,2.93,2.9,1.42,2.24,2.92,2.62,2.6,3.33,2.64,3.09,2.35,3.19,2.73,2.52,3.42,2.98,3.5,2.72,1060000,1420000
"sub-273",2.64,2.43,2.53,1.96,3.28,2.82,2.61,3.03,2.88,2.26,2.57,1.92,2.55,2.77,2.81,2.67,2.63,2.77,2.63,1.48,2.27,2.79,2.56,2.61,2.81,2.4,2.85,2.34,2.97,2.54,3.09,4.2,2.56,3.2,2.56,1020000,1300000
"sub-282",2.89,2.51,2.5,2.1,3.31,2.9,2.53,2.74,2.68,2.33,2.84,2.17,2.63,2.94,3.08,2.54,2.89,2.78,2.44,1.68,2.13,2.56,2.61,2.46,2.99,2.44,2.72,2.22,2.93,2.6,2.64,3.98,2.68,3.38,2.58,1240000,1490000
"sub-029",2.79,2.55,2.55,1.87,2.97,2.33,2.44,2.59,2.55,2.2,2.69,1.84,2.8,2.85,2.7,2.36,2.87,2.91,2.57,1.67,2.25,2.35,2.46,2.38,3.05,2.53,2.73,2.1,2.7,2.62,2.54,3.25,2.7,2.95,2.48,1040000,1490000
"sub-290",2.62,2.41,2.58,2.04,3.4,2.76,2.6,2.93,2.69,2.33,2.62,1.91,2.65,2.88,2.99,2.61,2.44,2.61,2.61,1.6,2.08,2.77,2.5,2.54,2.78,2.43,2.83,2.22,2.65,2.58,3.11,3.87,2.11,2.98,2.54,1150000,1590000
"sub-300",2.47,2.38,2.51,1.89,3.38,2.79,2.57,2.63,2.7,2.23,2.72,2.07,2.56,2.88,2.81,2.29,2.52,2.79,2.55,1.57,2.11,2.67,2.32,2.22,2.51,2.43,2.66,1.98,2.97,2.54,3.26,4.23,2.56,3.1,2.45,1290000,1740000
"sub-303",2.92,2.39,2.51,1.93,3.31,2.66,2.53,2.78,3.06,2.18,2.6,1.8,2.37,2.83,2.8,2.53,2.65,2.62,2.54,1.45,2.13,2.56,2.57,2.58,2.91,2.21,2.68,2.09,2.9,2.82,2.5,3.99,2.81,3.28,2.5,1110000,1450000
"sub-305",2.57,2.31,2.38,1.87,2.94,2.35,2.44,2.57,2.32,2.1,2.67,1.62,2.63,2.8,2.42,2.28,2.49,2.66,2.59,1.3,1.95,2.5,2.36,2.3,2.65,2.31,2.62,2.01,2.71,2.5,2.52,3.47,2.7,3.06,2.37,978322,1400000
"sub-031",2.52,2.41,2.44,1.89,2.93,2.66,2.36,2.67,2.63,2.32,2.76,2.09,2.41,2.81,2.36,2.32,2.52,2.62,2.31,1.43,1.91,2.73,2.46,2.32,2.67,2.38,2.57,2.1,2.62,2.46,2.47,3.63,2.34,2.98,2.42,1050000,1530000
"sub-311",2.89,2.77,2.7,2.17,2.99,2.82,2.64,2.94,2.7,2.25,3.03,2.26,2.99,2.95,2.91,2.53,2.87,2.87,2.9,1.65,2.16,2.5,2.75,2.58,3.13,2.58,3.04,2.26,3.02,2.67,2.97,3.47,2.58,3.29,2.67,1050000,1450000
"sub-314",2.98,2.36,2.64,2.03,3.01,2.9,2.63,3.08,2.87,2.26,2.94,1.98,2.61,3.03,3.04,2.6,2.55,2.65,2.55,1.62,2.16,2.75,2.59,2.64,2.95,2.41,3.06,2.22,2.97,2.7,3.08,3.67,2.42,3.16,2.61,1240000,1680000
"sub-317",2.67,2.33,2.54,1.71,3.56,2.66,2.52,2.79,2.5,2.14,2.81,1.76,2.55,2.82,2.63,2.28,2.44,2.7,2.55,1.32,2.03,2.44,2.48,2.29,2.89,2.43,2.66,2.02,2.74,2.45,2.93,3.83,2.43,3.06,2.44,1050000,1170000
"sub-324",2.57,2.18,2.48,1.86,3.51,2.87,2.43,2.77,2.58,2.19,2.68,2.18,2.64,2.98,3.02,2.38,2.48,2.61,2.34,1.49,2,2.45,2.55,2.44,2.82,2.32,2.66,2.06,2.77,2.55,2.59,3.97,2.13,3,2.47,1150000,1670000
"sub-325",2.59,2.3,2.42,1.9,3.58,2.83,2.33,2.45,2.68,2.14,2.42,2.06,2.46,2.67,2.86,2.48,2.55,2.82,2.41,1.49,2.14,2.42,2.5,2.38,2.88,2.22,2.65,2.12,2.69,2.56,2.42,3.04,2.66,3.11,2.4,1060000,1300000
"sub-327",2.6,2.3,2.62,2.05,2.76,2.54,2.52,2.64,2.56,2.22,2.81,1.93,2.72,2.66,2.51,2.37,2.63,2.7,2.4,1.86,2.13,2.74,2.52,2.47,2.67,2.43,2.82,2.15,2.69,2.55,2.63,3.82,2.06,3.3,2.49,1010000,1350000
"sub-033",2.46,2.37,2.53,1.95,3.63,2.78,2.41,2.63,2.63,2.24,2.65,1.94,2.37,2.82,3.31,2.23,2.5,2.52,2.31,1.57,2.07,2.74,2.52,2.54,2.83,2.24,2.55,2.12,2.68,2.53,2.26,4.02,2.21,3.09,2.45,1170000,1700000
"sub-332",3.08,2.49,2.55,1.79,2.97,2.61,2.37,2.52,2.55,2.24,2.95,1.73,2.89,2.79,2.46,2.37,2.86,3.15,2.66,1.57,2.03,2.46,2.4,2.34,2.71,2.55,2.68,2.13,2.65,2.74,2.61,4.13,2.71,3.15,2.46,851368,1220000
"sub-334",3.03,2.44,2.67,2.07,3.54,2.87,2.65,3.16,2.52,2.33,3.04,2.12,2.92,3.03,2.79,2.41,2.76,2.84,2.77,1.73,1.89,2.58,2.57,2.49,3.05,2.69,2.9,2.18,2.92,2.78,3.21,4.12,2.78,3.41,2.65,1200000,1730000
"sub-340",2.49,2.25,2,1.65,2.77,2.36,2.41,2.12,1.9,2.22,3.05,2.08,2.31,2.49,2.57,2.09,2.54,3.29,2.52,1.95,2.32,2.67,1.82,1.82,2.91,2.44,2.52,2.07,2.45,2.27,2.87,3.51,2.32,3.07,2.33,952489,1330000
"sub-346",2.59,2.2,2.6,2.18,4.05,2.71,2.23,2.66,2.26,2.15,2.72,2.22,2.41,2.82,2.94,2.42,2.56,2.61,2.32,1.55,2.12,2.57,2.51,2.57,2.64,2.28,2.74,2.29,2.94,2.58,2.54,4.06,2.72,3.32,2.49,1300000,1530000
"sub-348",2.42,2.3,2.32,1.78,3.07,2.49,2.22,2.62,2.58,2,2.74,2,2.26,2.6,3.03,2.26,2.32,2.38,2.22,1.51,1.93,2.49,2.38,2.23,3.13,2.09,2.51,1.97,2.57,2.36,2.71,3.64,2.43,3.16,2.31,1070000,1410000
"sub-349",2.72,2.37,2.37,1.77,3.28,2.52,2.56,2.68,2.77,2.14,2.83,1.79,2.69,3.05,2.1,2.15,2.55,2.4,2.42,1.34,2.44,2.69,2.06,2.44,2.83,2.54,2.69,1.96,3.04,2.66,2.72,4.15,2.84,3.29,2.47,1130000,1450000
"sub-354",2.37,2.61,2.46,1.82,3.75,2.69,2.06,2.81,2.44,1.92,2.63,1.88,2.5,2.71,2.67,2.5,2.48,2.66,2.34,1.33,2.08,2.65,2.47,2.44,2.99,2.23,2.61,2.1,2.77,2.42,2.5,3.79,2.75,3.05,2.36,1040000,1410000
"sub-356",2.92,2.44,2.53,1.87,3.2,2.8,2.38,2.65,2.82,2.35,2.9,2.16,2.62,2.77,3,2.64,2.69,2.8,2.61,1.5,1.99,2.58,2.45,2.56,3.26,2.47,2.81,2.16,2.79,2.64,2.75,3.5,2.91,3.25,2.54,971755,1e+06
"sub-364",2.79,2.42,2.4,1.87,3.16,2.86,2.46,2.58,2.56,2.3,2.53,2.01,2.21,2.6,2.8,2.5,2.57,2.49,2.57,1.49,2.07,2.64,2.41,2.51,2.76,2.27,2.47,2.18,2.63,2.59,2.68,3.36,2.24,2.98,2.43,1160000,1370000
"sub-366",2.9,2.28,2.59,2.07,3.16,2.7,2.6,2.67,3.15,2.3,2.9,2.15,2.8,2.94,2.89,2.99,2.89,2.38,2.76,1.83,2.32,2.93,2.72,2.59,3.64,2.49,3,2.32,3.07,2.89,2.63,3.58,2.54,3.4,2.67,1330000,1780000
"sub-368",2.66,2.23,2.56,2.06,2.75,2.53,2.48,2.69,2.9,2.22,3.02,2.12,2.89,2.76,2.39,2.45,2.7,2.63,2.51,1.65,2.15,2.57,2.47,2.43,2.72,2.47,2.77,2.08,2.92,2.63,2.79,3.66,2.63,3.2,2.52,1e+06,1440000
"sub-372",2.76,2.46,2.59,2,3.16,2.52,2.45,2.89,2.48,2.18,2.97,1.86,2.81,2.87,2.36,2.3,2.52,2.59,2.29,1.43,2.18,2.43,2.48,2.25,2.66,2.41,2.59,2.01,2.65,2.59,2.43,4.02,2.54,3.13,2.45,914494,1370000
"sub-374",2.8,2.1,2.51,1.76,2.91,2.76,2.21,2.68,2.2,1.93,2.5,2.13,2.2,2.62,2.49,2.63,2.57,2.63,2.46,1.53,1.97,2.38,2.52,2.46,3.03,2.22,2.58,2.11,2.71,2.43,2.49,3.81,2.43,2.93,2.37,1200000,1640000
"sub-375",2.62,2.63,2.49,1.82,2.75,2.67,2.37,2.71,2.39,2.12,2.76,2.1,2.64,2.88,2.65,2.34,2.73,3,2.32,1.76,2.18,2.52,2.43,2.38,2.93,2.33,2.68,2.07,2.86,2.64,2.48,3.74,2.58,3.1,2.5,1080000,1550000
"sub-376",2.93,2.79,2.45,1.97,3.22,2.83,2.58,2.89,2.7,2.47,2.91,2.15,3.04,2.76,2.58,2.36,2.67,2.81,2.54,1.9,1.93,2.56,2.5,2.52,3.08,2.58,2.73,2.32,2.87,2.66,3.08,3.71,2.82,3.32,2.59,941934,1350000
"sub-378",3.31,2.67,2.85,2.01,3.12,2.9,2.77,3.11,2.98,2.43,3.14,2.17,2.85,3.18,3.56,2.6,2.89,3.3,2.78,1.53,2.25,2.85,2.69,2.69,3.16,2.69,3.04,2.32,3.09,2.93,3.26,3.43,2.74,3.45,2.76,1120000,1560000
"sub-038",2.68,2.33,2.27,1.77,2.88,2.56,2.3,2.26,2.52,2.03,2.44,2.21,2.48,2.75,2.57,2.33,2.65,2.24,2.43,1.53,2.08,2.71,2.42,2.54,2.9,2.01,2.49,2.08,2.83,2.5,2.09,3.38,2.46,3.25,2.37,1150000,1440000
"sub-380",2.52,2.59,2.33,1.86,3.86,2.57,2.37,2.73,2.72,2.09,2.57,1.77,2.51,2.81,2.77,2.44,2.43,2.64,2.31,1.58,2.03,2.51,2.37,2.41,2.58,2.35,2.55,2.12,2.82,2.44,2.69,3.84,2.52,3.09,2.42,1090000,1530000
"sub-382",2.83,2.21,2.67,1.9,3.07,2.68,2.6,3.09,2.63,2.49,2.97,1.88,2.85,3.04,2.8,2.46,2.74,2.97,2.64,1.53,2.09,2.67,2.58,2.26,3.2,2.59,2.91,2.17,3.07,2.75,2.71,2.61,2.54,3.09,2.59,1090000,1570000
"sub-385",2.86,2.1,2.45,1.84,2.8,2.53,2.43,2.64,2.49,2.11,2.71,1.84,2.48,2.82,2.67,2.52,2.57,2.82,2.47,1.43,2.11,2.51,2.49,2.44,2.65,2.45,2.8,2.2,2.46,2.64,2.5,3.51,2.3,2.66,2.44,958688,1410000
"sub-387",2.84,2.24,2.41,1.76,3.56,2.69,2.52,2.7,2.53,2.16,2.66,2.02,2.37,2.93,3.01,2.59,2.56,2.52,2.25,1.33,2.02,2.5,2.49,2.47,2.94,2.11,2.46,2.27,2.76,2.47,2.34,4.18,2.44,2.97,2.44,1190000,1550000
"sub-388",2.88,2.14,2.5,1.93,3.34,2.69,2.46,2.92,2.71,2.32,2.75,2,2.51,2.84,2.41,2.52,2.67,2.65,2.4,1.71,2.19,2.52,2.36,2.41,2.67,2.29,2.7,2.21,2.72,2.64,3.22,3.05,2.36,2.86,2.5,1320000,1370000
"sub-389",2.45,2.19,2.31,1.91,3.55,2.88,2.27,2.69,2.2,2.27,2.6,2.21,2.62,2.98,2.45,2.38,2.55,2.81,2.46,1.71,2.07,2.49,2.49,2.49,2.93,2.16,2.58,2.03,2.84,2.46,2.76,3.83,2.71,3.03,2.45,1210000,1590000
"sub-039",2.49,2.5,2.47,2.01,3.04,2.57,2.32,2.61,2.71,2.08,2.28,1.99,2.26,2.78,2.43,2.31,2.42,2.52,2.23,1.62,1.96,2.53,2.42,2.32,2.94,2.27,2.58,2.08,2.73,2.46,2.45,3.94,2.59,3.12,2.36,866721,1210000
"sub-394",2.47,2.53,2.42,1.8,3.1,2.59,2.27,2.73,2.46,2.19,2.57,1.81,2.39,3.02,2.79,2.11,2.27,2.6,2.3,1.62,2.03,2.4,2.28,2.16,2.88,2.33,2.4,1.86,2.61,2.43,2.53,3.4,2.09,3.15,2.33,953268,1480000
"sub-397",2.59,2.1,2.41,1.72,2.86,2.58,2.17,2.43,2.61,2.13,2.75,1.99,2.4,2.44,3.01,2.13,2.45,2.66,2.41,1.38,2.03,2.4,2.25,2.15,2.69,2.45,2.57,1.99,2.51,2.46,2.59,3.53,2.07,3.07,2.33,1070000,1340000
"sub-399",2.37,2.41,2.46,1.68,3.73,2.87,2.4,2.81,2.68,2.09,2.71,1.94,2.52,2.71,2.76,2.44,2.51,2.83,2.23,1.17,1.98,2.73,2.46,2.45,2.79,2.15,2.59,2.08,2.66,2.38,2.46,4.12,2.48,2.92,2.4,1020000,1390000
"sub-400",2.8,2.38,2.52,1.72,3.28,2.66,2.5,2.6,2.52,2.14,2.77,1.72,2.62,2.82,2.73,2.02,2.6,2.7,2.59,1.4,2.28,2.63,1.91,2.11,2.81,2.43,2.53,2.13,2.68,2.58,2.75,3.97,2.82,3.14,2.43,893706,1300000
"sub-401",2.89,2.27,2.68,1.9,3.35,2.89,2.57,2.99,2.9,2.27,2.94,1.99,2.67,3.06,2.9,2.53,2.84,2.75,2.71,1.74,1.94,2.44,2.65,2.47,3.05,2.49,2.88,2.09,2.96,2.66,2.55,4.21,2.42,3.25,2.57,1130000,1600000
"sub-405",3.08,2.75,2.79,1.92,3.22,2.82,2.69,2.95,2.97,2.26,2.84,2.13,2.73,3,2.78,2.53,3.1,2.73,2.61,1.79,2.15,3.02,2.68,2.6,2.91,2.5,2.91,2.11,2.9,2.73,2.71,3.42,3.3,3.5,2.65,1170000,1700000
"sub-406",2.15,2.18,2.51,1.93,3.21,2.36,2.23,2.36,2.31,1.97,2.52,1.77,2.25,2.31,2.67,2.3,2.57,2.58,2.46,1.36,2.14,2.24,2.61,2.31,2.93,2.26,2.64,2.1,2.33,2.38,2.23,3.31,2.35,3.12,2.32,1050000,1390000
"sub-407",3.05,2.64,2.6,2.11,2.79,2.54,2.6,2.74,2.88,2.3,2.76,2.08,2.82,2.76,2.82,2.79,2.78,2.75,2.81,1.49,2.15,3.02,2.57,2.56,3.28,2.46,2.7,2.25,2.9,2.86,2.32,3.61,2.5,3.11,2.6,1080000,1500000
"sub-408",2.74,2.45,2.47,2.2,3.04,2.75,2.59,2.71,2.28,2.25,2.5,2.24,2.34,2.64,2.4,2.58,2.46,2.66,2.5,1.54,2.11,2.64,2.76,2.53,2.52,2.18,2.76,2.29,2.87,2.61,2.99,3.37,2.45,2.95,2.51,1050000,1390000
"sub-041",3.24,2.63,2.93,2.31,3.96,2.81,2.81,3.23,3.13,2.35,3.13,2.06,2.82,3.38,3.26,2.82,2.98,3,2.86,1.9,2.37,3.03,2.79,2.93,3.51,2.78,3.31,2.41,3.27,3,2.77,4.38,2.99,3.5,2.85,1230000,1540000
"sub-413",2.8,2.69,2.73,2,2.65,2.69,2.49,2.89,2.77,2.26,2.89,2.1,2.67,2.77,2.71,2.29,2.75,2.96,2.59,1.54,2.13,2.53,2.46,2.49,2.82,2.59,2.85,2.18,2.67,2.65,3.28,3.42,2.36,3.11,2.54,1030000,1210000
"sub-417",2.29,2.15,2.53,2.04,3.38,2.71,2.58,2.75,2.53,2.22,2.59,2.05,2.33,2.78,2.82,2.17,2.49,2.48,2.33,1.7,2.45,2.36,2.16,2.38,2.62,2.21,2.55,2.28,2.7,2.52,2.35,3.91,2.48,2.95,2.43,1110000,1540000
"sub-425",2.62,2.38,2.78,1.96,3.78,2.72,2.66,3.2,2.63,2.42,2.89,2.03,2.65,3.07,2.69,2.69,2.77,2.8,2.72,1.32,2.19,2.65,2.67,2.46,2.85,2.52,3.05,2.41,3,2.58,2.69,3.99,2.62,3.22,2.63,1270000,1730000
"sub-426",3.07,2.24,2.6,1.89,3.71,2.85,2.47,2.94,2.89,2.41,2.78,2.08,3.03,3.15,2.86,2.73,2.76,2.83,2.46,1.59,2.06,2.8,2.56,2.51,2.72,2.47,2.88,2.18,2.96,2.68,3.34,3.91,2.47,3.38,2.61,1140000,1690000
"sub-427",2.72,2.47,2.43,1.93,2.99,2.78,2.49,2.76,2.49,2.21,2.86,2.26,2.42,2.78,2.58,2.27,2.51,2.58,2.59,1.55,2.21,2.17,2.45,2.29,2.7,2.42,2.57,2.12,2.79,2.61,2.62,3.38,2.6,3.11,2.48,1060000,1510000
"sub-043",2.67,2.51,2.29,1.79,3.09,2.42,2.37,2.49,2.66,2.21,2.58,1.79,2.42,2.74,2.57,2.18,2.44,2.5,2.22,1.54,2.05,2.59,2.32,2.51,2.85,2.26,2.54,2.04,2.65,2.5,2.55,3.43,2.15,2.92,2.37,1040000,1500000
"sub-430",3.06,2.49,2.37,1.9,3.11,2.43,2.36,2.81,2.71,2.13,2.85,1.81,2.62,2.72,2.74,2.22,2.43,2.79,2.28,1.56,1.99,2.53,2.3,2.15,3.23,2.31,2.55,1.97,2.61,2.39,2.59,2.78,1.96,2.88,2.36,1260000,1870000
"sub-432",3.01,2.62,2.87,2.35,3.15,2.84,2.73,2.86,2.75,2.45,3.22,2.41,2.92,3.17,2.93,2.7,2.98,3.27,2.81,1.83,2.39,3.03,2.95,2.79,3.27,2.77,3.11,2.38,3.09,2.91,2.78,3.67,2.69,3.54,2.8,1250000,1620000
"sub-437",2.4,2.12,2.57,1.84,3,2.7,2.39,2.94,2.51,2.09,2.68,1.92,2.52,2.91,2.65,2.45,2.39,2.52,2.5,1.43,2.18,2.51,2.64,2.27,2.73,2.43,2.82,2.04,2.71,2.41,2.32,3.7,2.69,3.09,2.45,986438,1410000
"sub-445",2.59,2.44,2.59,1.83,3.34,2.73,2.51,2.74,2.66,2.11,2.66,2.12,2.74,2.83,2.78,2.49,2.77,2.59,2.59,1.48,2.06,2.58,2.52,2.41,2.85,2.32,2.85,2.15,2.76,2.54,3.19,3.48,2.34,3.28,2.49,965406,948105
"sub-446",2.91,2.53,2.42,1.92,3.61,2.76,2.52,2.93,2.71,2.27,2.92,1.87,2.62,2.88,2.85,2.44,2.57,2.72,2.41,1.31,2.12,2.65,2.28,2.43,3.09,2.47,2.67,2.19,2.75,2.59,2.86,3.36,2.63,3.32,2.51,976244,1280000
"sub-045",2.66,2.09,2.16,2.01,2.66,2.66,2.5,2.75,2.77,2.33,2.73,2.12,2.72,2.55,2.75,2.35,2.59,2.95,2.24,1.66,2.15,2.5,2.29,2.41,2.8,2.18,2.65,2.11,2.5,2.63,3.14,2.86,2.37,2.93,2.42,1050000,1430000
"sub-450",2.45,2.34,2.34,1.83,2.59,2.66,2.44,2.69,2.7,2.07,2.61,1.76,2.59,2.71,2.66,2.34,2.63,2.52,2.48,1.52,2.03,2.55,2.44,2.47,2.91,2.42,2.72,2,2.6,2.52,2.88,3.31,2.52,3.08,2.42,1270000,1780000
"sub-451",2.51,2.46,2.4,1.94,2.73,2.58,2.44,2.66,2.65,2.15,2.75,1.94,2.83,2.67,2.35,2.44,2.44,2.4,2.38,1.42,2.07,2.4,2.54,2.44,3.03,2.29,2.55,2.12,2.64,2.5,2.49,3.67,2.26,3,2.42,944328,980210
"sub-455",2.98,2.67,2.45,1.91,2.7,2.51,2.41,2.49,2.55,2.26,2.8,1.94,2.61,2.75,2.54,2.35,2.61,2.64,2.36,1.64,2.13,2.65,2.43,2.46,3.02,2.5,2.69,2.12,2.82,2.55,3.05,3.66,2.72,3.21,2.48,1090000,1570000
"sub-460",3.17,2.78,2.42,1.81,3.49,2.57,2.44,2.91,2.92,2.12,2.66,1.98,2.71,2.83,2.21,2.37,2.42,2.8,2.25,1.5,1.96,2.55,2.28,2.47,2.97,2.36,2.61,2.03,2.7,2.53,2.58,3.27,2.34,3.15,2.44,1060000,1550000
"sub-461",2.49,2.63,2.69,1.89,2.59,2.35,2.56,2.52,2.62,2.21,2.85,1.88,3.04,2.54,2.79,2.42,2.72,2.88,2.31,1.69,2.02,2.65,2.4,2.52,3.99,2.58,2.73,2.18,2.53,2.65,2.92,3.49,2.28,3.28,2.47,1090000,1630000
"sub-048",2.97,2.14,2.41,1.84,2.96,2.72,2.48,2.98,2.35,2.16,2.6,1.88,2.53,2.83,2.25,2.4,2.59,2.73,2.41,1.38,1.92,2.41,2.34,2.3,2.82,2.23,2.61,2.09,2.76,2.62,2.62,3.9,2.24,2.98,2.43,1090000,1820000
"sub-049",2.52,2.43,2.61,1.7,2.83,2.58,2.34,2.52,2.53,2.06,2.44,1.9,2.16,2.73,2.1,2.12,2.66,2.55,2.49,1.49,2.34,2.57,2.16,2.27,2.77,2.34,2.53,2.04,2.6,2.54,2.86,3.29,2.39,2.99,2.38,1330000,1520000
"sub-005",2.57,2.21,2.47,1.78,3.46,2.62,2.38,2.87,2.62,2.11,2.55,1.86,2.19,2.74,2.64,2.59,2.3,2.44,2.36,1.36,2.09,2.45,2.4,2.4,2.63,2.2,2.62,2.22,2.81,2.56,2.37,3.84,2.41,3.01,2.4,1100000,1450000
"sub-055",2.39,2.41,2.64,2.02,2.69,2.45,2.43,2.62,2.85,2.19,2.62,1.85,2.46,2.83,2.42,2.38,2.63,2.81,2.4,1.6,2.02,2.35,2.45,2.44,2.97,2.4,2.64,2.23,2.91,2.62,2.9,3.68,2.92,2.85,2.45,1120000,1630000
"sub-056",2.43,2.22,2.42,1.73,3.7,2.6,2.45,2.44,2.66,2.07,2.46,1.9,2.29,2.64,2.59,2.33,2.28,2.37,2.21,1.36,2.04,2.5,2.38,2.49,2.68,2.1,2.43,2.08,2.73,2.41,2.65,3.72,2.21,2.98,2.33,1210000,1650000
"sub-060",2.37,2.68,2.61,1.95,2.94,2.84,2.32,2.75,2.61,2.17,2.58,2.04,2.65,2.77,2.67,2.46,2.63,2.68,2.45,1.54,2.08,2.46,2.49,2.41,2.97,2.24,2.73,2.04,2.52,2.51,2.14,3.61,2.45,3.06,2.44,1220000,1540000
"sub-061",2.48,2.41,2.26,2.05,3.41,2.62,2.37,2.79,2.41,2.04,2.46,2.04,2.4,2.75,2.55,2.45,2.33,2.63,2.35,1.41,2.07,2.54,2.39,2.45,2.79,2.15,2.47,2.13,2.78,2.4,2.22,3.86,2.54,2.97,2.38,1090000,1430000
"sub-064",2.56,2.88,2.42,2.02,2.77,2.56,2.46,2.73,2.73,2.04,2.68,1.96,2.27,2.98,2.66,2.21,2.53,2.63,2.54,1.51,1.9,2.57,2.31,2.38,3.02,2.32,2.53,2.06,2.78,2.53,2.55,3.22,2.1,3.36,2.42,1030000,1560000
"sub-068",2.71,2.37,2.43,1.77,3.18,2.59,2.52,2.61,2.45,2.04,2.91,1.98,2.45,2.78,2.78,2.35,2.5,2.38,2.46,1.41,2.1,2.6,2.65,2.3,2.77,2.49,2.66,2.07,2.6,2.76,2.58,3.57,2,2.87,2.45,1e+06,1400000
"sub-007",2.57,2.08,2.59,2.07,3.47,2.65,2.49,2.47,2.67,2.19,2.72,1.95,2.65,2.64,2.5,2.59,2.54,2.63,2.59,1.52,2.09,2.48,2.55,2.51,3.18,2.36,2.77,2.1,2.63,2.51,3.14,3.45,2.37,3.01,2.45,996982,1250000
"sub-089",2.61,2.63,2.32,1.85,3.16,2.64,2.36,2.38,2.44,2.09,3.01,2.11,2.79,2.84,2.83,2.45,2.68,2.66,2.26,1.58,2.06,2.57,2.5,2.39,2.99,2.34,2.72,2.2,2.7,2.56,3.5,3.78,2.84,3.1,2.44,1250000,1530000
"sub-090",2.8,2.66,2.55,2.15,3.44,2.83,2.72,3.06,3.01,2.44,3.11,2.36,2.78,2.82,2.64,2.6,2.79,2.82,2.6,1.77,2.17,2.77,2.62,2.6,3.21,2.49,2.77,2.35,2.89,2.83,2.93,3.93,2.16,3.34,2.65,1090000,1570000
"sub-092",2.93,2.25,2.69,1.94,2.98,2.74,2.48,2.93,2.57,2.23,2.68,1.93,2.43,2.89,2.41,2.7,2.69,2.82,2.51,1.68,2.27,2.68,2.63,2.72,2.81,2.41,2.75,2.23,2.95,2.69,2.39,3.59,2.81,3.3,2.56,1280000,1660000
"sub-093",2.94,2.43,2.66,2.08,3.61,2.87,2.46,2.85,2.52,2.17,2.72,2.07,2.61,2.91,2.73,2.5,2.79,2.84,2.51,1.52,2.28,2.77,2.51,2.49,2.93,2.27,2.57,2.28,2.89,2.71,2.96,3.77,2.61,3.38,2.53,1250000,1640000
"sub-095",2.43,2.37,2.63,1.72,3.48,2.8,2.31,2.73,2.85,1.8,2.69,2.15,2.49,2.76,2.5,2.44,2.46,2.72,2.47,1.54,2.04,2.65,2.5,2.4,2.94,2.28,2.75,2.04,2.83,2.41,3.08,3.75,2.51,3.15,2.42,1020000,1320000
"sub-096",2.4,2.04,2.31,1.87,3.26,2.56,2.38,2.79,2.39,2.05,2.62,1.87,2.5,2.72,2.71,2.38,2.58,2.59,2.46,1.56,1.97,2.51,2.46,2.26,2.75,2.2,2.48,2.06,2.69,2.47,2.95,4.1,1.97,2.99,2.38,1060000,1470000
"sub-097",2.51,2.1,2.49,1.88,3.26,2.76,2.57,2.7,2.74,2.31,2.7,2.12,2.54,2.86,2.5,2.65,2.45,2.86,2.54,1.5,2.06,2.59,2.46,2.44,3.28,2.47,2.6,2.11,2.63,2.65,2.49,3.91,2.08,3.08,2.49,1260000,1880000
"sub-911",3.15,2.49,2.63,1.88,3.54,2.82,2.75,2.89,2.94,2.41,3.06,2.2,2.91,3.19,2.84,2.91,2.84,2.68,2.62,1.58,2.26,2.81,2.67,2.71,2.94,2.58,3.05,2.22,3.08,2.91,2.5,3.9,2.83,3.08,2.71,1316940,1685590
"sub-912",3.14,3.21,2.6,1.71,3.05,2.52,2.46,2.79,2.82,2.16,2.89,1.74,2.81,2.97,2.26,2.42,2.73,2.88,2.54,1.42,2.08,2.32,2.42,2.22,3.36,2.48,2.97,2.16,2.85,2.78,2.56,3.41,2.63,3.01,2.52,1089560,1323870
"sub-940",2.92,2.33,2.52,1.93,2.38,2.55,2.48,2.55,2.74,2.14,2.89,2,2.42,2.77,2.36,2.48,2.65,2.38,2.39,1.5,2.22,2.6,2.54,2.46,2.77,2.25,2.61,2.12,2.8,2.65,2.36,3.66,2.44,3.19,2.47,1071260,1047400
"sub-954",3.03,2.37,2.64,1.98,3.05,2.76,2.54,2.7,3.08,2.44,2.96,1.99,2.68,3.08,2.72,2.49,2.74,2.96,2.62,1.49,2.21,2.73,2.6,2.56,3.01,2.6,2.83,2.22,2.97,2.78,3.02,3.51,2.53,3.27,2.62,1020030,1398580
"sub-913",2.66,2.14,2.86,2.19,2.97,2.59,2.75,2.71,3,2.28,3.09,1.98,2.89,2.92,2.83,2.6,2.92,3.13,2.82,1.59,2.35,2.52,2.82,2.68,2.89,2.62,3.17,2.35,2.95,3.07,2.93,3.23,2.94,3.55,2.71,1066030,1526030
"sub-919",2.73,1.97,2.59,2.07,3.44,2.75,2.7,2.46,2.79,2.23,3.05,2.27,2.68,2.84,2.91,2.42,2.91,2.65,2.73,2.04,2.09,2.71,2.57,2.46,3.03,2.36,2.94,2.34,2.79,2.6,2.53,3.73,2.62,3.07,2.56,1192820,1656580
"sub-928",2.81,1.83,2.45,1.92,3.38,2.76,2.48,2.77,2.61,2.14,2.93,1.97,2.54,2.82,2.36,2.45,2.62,2.84,2.32,1.6,1.96,2.7,2.58,2.39,2.92,2.31,2.73,2.18,2.84,2.71,2.79,4.08,2.65,3.14,2.51,1212400,1582200
"sub-951",2.53,2.56,2.78,1.88,2.99,2.8,2.56,2.6,2.55,2.4,2.79,2.21,2.67,2.84,2.89,2.43,2.75,2.5,2.26,1.54,2.02,2.59,2.41,2.28,2.85,2.46,2.87,2.19,2.57,2.67,2.67,3.6,2.4,2.95,2.51,1070690,1239120
"sub-969",3.03,2.31,2.56,1.88,2.76,2.59,2.51,2.69,2.77,2.2,2.67,1.97,2.77,2.93,2.71,2.69,2.8,2.83,2.65,1.6,2.27,2.39,2.43,2.43,2.87,2.38,2.8,2.11,2.9,2.72,2.51,3.93,2.33,3.45,2.51,1009590,1487250
"sub-978",2.84,2.48,2.68,2.11,2.73,2.83,2.61,2.73,2.64,2.38,2.85,2.18,2.53,2.9,3,2.49,2.77,2.82,2.52,1.68,2.16,2.6,2.58,2.47,2.68,2.44,2.8,2.28,2.87,2.74,3,3.82,2.91,3.19,2.59,1072680,1294830
"sub-991",2.7,2.31,2.83,2.1,2.57,2.76,2.66,2.79,2.84,2.23,2.74,1.99,2.56,2.93,2.62,2.54,2.71,2.75,2.66,1.65,2.4,2.76,2.61,2.69,2.81,2.3,2.89,2.4,2.69,2.88,2.73,3.28,2.85,3.23,2.6,1254670,1641350
"sub-980",2.74,2.18,2.43,2.01,2.93,2.57,2.44,2.7,2.63,2.2,2.78,1.99,2.83,2.95,2.69,2.43,2.73,2.86,2.59,1.82,2.05,2.42,2.48,2.32,3.22,2.58,2.81,2.06,2.78,2.64,3.12,3.84,2.26,3.18,2.51,1100800,1553310
"sub-985",2.85,2.49,2.27,2,3.08,2.75,2.5,2.66,2.69,2.2,2.76,2.04,2.57,2.81,2.96,2.26,2.44,2.54,2.44,1.52,2.02,2.55,2.26,2.39,2.79,2.47,2.54,2.17,3.02,2.64,2.93,3.73,2.33,3.44,2.47,1186750,1540140
"sub-997",2.58,2.46,2.55,1.82,3.5,2.56,2.47,2.49,2.96,2.27,2.67,1.8,2.59,2.72,2.9,2.45,2.76,2.74,2.62,1.4,2.03,2.7,2.52,2.38,3.15,2.46,2.72,2.13,2.9,2.61,2.4,3.85,2.35,3.12,2.46,1221540,1689380
"sub-903",2.78,2.59,2.56,2.12,3.02,2.74,2.45,2.53,2.58,2.24,2.81,1.97,2.69,2.72,2.5,2.52,2.73,2.49,2.56,1.69,2.16,2.64,2.6,2.4,3.03,2.44,2.73,2.11,2.77,2.55,2.5,3.56,2.55,3.17,2.5,1308770,1800000
"sub-906",2.27,2.44,2.35,1.82,2.49,2.35,2.38,2.63,2.52,2.16,2.57,1.88,2.45,2.66,2.64,2.42,2.18,2.51,2.29,1.62,1.91,2.49,2.35,2.38,2.79,2.38,2.53,2.12,2.45,2.52,2.81,3.67,2.05,2.7,2.35,1111360,1530570
"sub-921",2.6,2.22,2.37,1.72,2.95,2.58,2.27,2.64,2.04,2.25,2.57,1.78,2.65,2.71,2.6,2.14,2.68,2.74,2.25,1.32,1.97,2.62,2.41,2.34,2.76,2.52,2.65,2.12,2.83,2.5,3.13,3.93,2.73,2.85,2.41,1279360,1644500
"sub-952",2.69,2.2,2.73,2.09,2.97,2.6,2.59,2.75,2.86,2.3,2.84,2.06,2.65,2.98,2.89,2.72,2.68,2.57,2.68,1.79,2.29,2.59,2.74,2.66,2.91,2.28,2.88,2.29,3.12,2.88,2.51,3.99,3.19,3.41,2.63,1138790,1530810
"sub-970",2.51,2.54,2.58,2.07,2.8,2.54,2.63,2.62,2.85,2.32,2.8,2.1,2.59,2.94,3.02,2.63,2.65,2.62,2.62,1.52,2.16,2.62,2.62,2.48,3.13,2.35,2.88,2.11,2.75,2.65,2.35,3.65,1.98,3.02,2.54,1161240,1297950
"sub-974",2.91,2.23,2.64,1.81,2.8,2.79,2.4,2.81,2.64,2.15,2.73,1.94,2.6,2.76,2.82,2.5,2.57,2.65,2.38,1.58,2.16,2.53,2.54,2.49,2.9,2.32,2.58,2.08,2.82,2.61,2.9,3.5,2.63,3.05,2.48,1208740,1224390
"sub-983",2.86,2.31,2.41,1.69,2.88,2.4,2.33,2.47,2.49,2.13,2.66,1.92,2.28,2.57,2.51,2.26,2.36,2.64,2.59,1.4,1.98,2.52,2.32,2.33,2.83,2.27,2.63,2.07,2.73,2.49,2.66,3.73,2.61,2.79,2.37,1130870,1519870
"sub-995",2.25,2.62,2.56,2.2,2.86,2.68,2.59,2.87,3.08,2.31,2.83,1.97,2.54,2.76,2.69,2.69,2.84,2.52,2.87,1.76,2.1,2.9,2.56,2.65,3.05,2.43,2.78,2.29,2.57,2.84,2.71,3.7,2.57,3.35,2.57,1094190,1550460
"sub-907",2.65,2.25,2.56,2.09,2.53,2.7,2.47,2.62,2.36,2.32,2.78,1.81,2.67,2.76,2.36,2.67,2.64,2.65,2.58,1.61,2.16,2.35,2.21,2.56,2.84,2.56,2.76,2.23,2.88,2.52,2.58,3.66,2.78,3.02,2.52,1318650,1821160
"sub-910",2.55,2.59,2.63,2.05,3.64,2.81,2.65,2.84,2.97,2.33,2.63,2.06,2.39,2.84,2.9,2.52,2.45,2.83,2.53,2.11,2.07,2.7,2.58,2.57,2.94,2.45,2.85,2.27,2.89,2.58,2.73,3.81,2.46,3.23,2.58,1379100,1889480
"sub-923",2.77,2.2,2.44,1.87,3.09,2.5,2.53,2.64,2.52,2.15,2.79,1.91,2.63,2.87,2.29,2.51,2.46,2.7,2.35,1.46,2.03,2.32,2.54,2.3,2.83,2.48,2.72,2.15,2.74,2.69,2.85,3.67,2.7,3.08,2.48,1140430,1598570
"sub-930",2.37,2.46,2.27,1.87,3.41,2.27,2.41,2.64,2.49,2.05,2.72,1.88,2.7,2.58,2.7,2.34,2.47,2.64,2.51,1.5,2.12,2.35,2.44,2.42,2.81,2.39,2.52,2.07,2.75,2.61,2.88,3.47,2.57,2.95,2.4,997574,1442200
"sub-946",2.74,2.26,2.53,2,3.52,2.57,2.52,2.92,2.73,2.31,2.81,1.95,2.37,3.03,2.89,2.37,2.68,2.81,2.55,1.57,2.07,2.47,2.65,2.5,3.03,2.32,2.82,2.17,2.89,2.75,2.25,3.62,2.52,3.01,2.54,1213180,1576350
"sub-971",2.46,2.13,2.34,1.69,2.87,2.56,2.43,2.48,2.6,2.1,2.73,1.82,2.61,2.65,2.71,2.27,2.71,2.55,2.51,1.54,1.97,2.44,2.3,2.33,2.85,2.24,2.42,2.02,2.54,2.47,2.46,3.19,2.75,3,2.35,1091510,1136790
"sub-901",3.27,2.38,2.47,1.71,2.53,2.27,2.57,2.43,2.87,2.35,2.87,2.14,2.58,2.78,2.71,2.56,2.75,3.2,2.56,2.1,2.08,2.72,2.54,2.22,2.88,2.43,2.91,2.2,2.7,2.74,3.06,3.35,2.63,3.15,2.52,1088890,1539060
"sub-918",2.89,2.54,2.67,1.9,2.55,2.54,2.53,2.61,2.78,2.3,2.69,2.23,2.82,2.65,2.81,2.79,2.78,2.83,2.49,1.69,2.17,2.74,2.47,2.53,3.27,2.78,2.89,2.13,2.79,2.75,2.83,3.66,2.74,3.39,2.58,1093790,1525570
"sub-920",2.57,2.42,2.7,1.94,3.34,2.79,2.61,2.88,2.68,2.27,2.63,2.23,2.44,2.91,2.9,2.64,2.67,2.58,2.58,1.89,2.32,2.66,2.72,2.72,3.31,2.41,2.84,2.37,2.96,2.76,2.3,4.25,2.76,3.47,2.62,1204160,1464850
"sub-944",2.48,2.24,2.42,1.85,3.72,2.74,2.58,2.68,2.61,2.29,2.5,2.22,2.16,2.6,3.15,2.48,2.27,2.51,2.32,1.56,2.23,2.46,2.5,2.46,2.82,2.06,2.42,2.22,2.62,2.47,2.75,3.85,2.59,3.05,2.43,1137430,1460800
"sub-963",2.66,2.67,2.47,1.98,3.74,2.8,2.47,2.81,2.79,2.2,2.51,2.07,2.42,2.7,3.42,2.38,2.6,3.01,2.42,1.45,2.13,2.64,2.54,2.56,2.65,2.28,2.67,2.15,2.65,2.46,2.57,3.47,2.53,2.87,2.47,980953,1197000
"sub-979",2.6,2.24,2.44,1.87,3.27,2.58,2.46,2.73,2.1,2.22,2.46,1.87,2.19,2.72,2.79,2.37,2.44,2.47,2.36,1.29,2.13,2.37,2.45,2.37,2.38,2.12,2.46,2.27,2.63,2.5,2.38,3.59,2.34,2.82,2.37,1260090,1655820
"sub-939",2.5,2.09,2.49,2.01,3.44,2.65,2.45,2.7,2.6,2.26,2.66,2.12,2.47,2.66,2.58,2.5,2.56,2.59,2.33,1.61,2.11,2.5,2.5,2.41,2.68,2.22,2.61,2.2,2.67,2.54,2.34,3.8,2.04,3.2,2.44,1371590,1713580
"sub-976",2.63,2.31,2.24,2.09,2.88,2.4,2.53,2.49,2.57,2.09,2.52,2,2.33,2.72,2.42,2.5,2.4,2.54,2.37,1.63,2.15,2.57,2.39,2.62,2.96,2.17,2.56,2.21,2.52,2.54,2.57,3.47,2.47,2.94,2.39,1034120,1335700
"sub-989",2.66,2.37,2.3,1.99,3.3,2.79,2.5,2.83,2.43,2.27,2.54,1.81,2.36,2.76,2.41,2.73,2.57,2.52,2.26,1.47,2.03,2.58,2.57,2.52,2.76,2.17,2.63,2.21,2.67,2.45,2.24,3.55,2.69,3.09,2.45,1287680,1709570
"sub-934",2.47,2.46,2.31,1.91,3.35,2.53,2.38,2.64,2.8,2.02,2.59,1.95,2.38,2.5,2.95,2.44,2.46,2.37,2.12,1.64,2.12,2.3,2.34,2.46,2.78,2.11,2.55,2.13,2.75,2.5,2.59,3.93,2.54,2.8,2.37,1153710,1495730
"sub-929",2.41,2.3,2.47,1.74,3.22,2.68,2.36,2.59,2.12,2.21,2.31,1.91,2.37,2.58,2.81,2.34,2.55,2.39,2.37,1.56,1.99,2.29,2.41,2.34,2.75,2.14,2.63,2.17,2.63,2.35,2.44,3.82,2.63,2.91,2.36,1128240,1562420
"sub-931",2.35,2.78,2.34,1.79,3.42,2.57,2.25,2.66,2.62,2.07,2.46,2.14,2.1,2.57,2.7,2.35,2.38,2.55,2.36,1.47,2.02,2.5,2.52,2.35,2.86,2.14,2.49,2,2.57,2.42,1.78,3.7,2.47,2.87,2.33,1050260,1303240
"sub-938",2.56,2.66,2.53,1.93,3.61,2.86,2.57,2.71,3.06,2.15,2.64,2.21,2.45,2.62,2.95,2.72,2.59,2.78,2.52,1.52,2.26,2.84,2.66,2.71,2.94,2.27,2.8,2.35,2.86,2.55,2.79,3.74,2.52,2.98,2.55,1179880,1532810
"sub-961",2.37,2.31,2.48,2.05,3.13,2.6,2.54,2.46,2.24,2.05,2.52,1.92,2.35,2.57,2.82,2.7,2.44,2.57,2.26,1.49,2.08,2.45,2.52,2.59,2.87,2.11,2.77,2.27,2.64,2.56,2.53,3.75,2.68,3.14,2.43,1135910,1432670
"sub-977",2.7,2.81,2.43,2.03,3.13,2.78,2.08,2.57,2.78,2.2,2.73,2.31,2.33,2.85,3.15,2.74,2.69,2.45,2.59,1.99,2.27,2.74,2.68,2.67,3.09,2.26,2.8,2.06,3.2,2.8,2.15,3.69,3.25,3.29,2.54,1316820,1553560
"sub-909",2.78,2.95,2.31,1.96,3.53,2.86,2.49,2.8,2.56,2.27,2.58,2.15,2.32,2.78,2.54,2.36,2.43,2.48,2.4,1.57,2.01,2.57,2.44,2.42,3.25,2.21,2.43,2.2,2.73,2.43,2.46,3.88,2.63,3.29,2.45,1042820,1428000
"sub-941",2.53,2.42,2.32,1.92,3.21,2.64,2.28,2.78,2.32,2.02,2.44,1.91,2.11,2.75,2.72,2.42,2.57,2.25,2.42,1.41,1.97,2.36,2.31,2.31,2.91,2.2,2.41,2.14,2.74,2.44,2.09,3.54,2.81,2.81,2.34,978409,1415830
"sub-950",2.34,2.23,2.43,1.87,3.66,2.7,2.37,2.66,2.58,2.18,2.55,2.12,2.5,2.82,2.66,2.59,2.51,2.7,2.38,1.49,2.12,2.3,2.55,2.53,2.68,2.16,2.63,2.25,2.64,2.46,2.86,4.23,2.29,2.97,2.44,1062090,1418880
"sub-965",2.35,2.43,2.53,1.9,3.34,2.77,2.38,2.7,2.71,2.09,2.88,2.14,2.59,2.54,3.25,2.66,2.63,2.91,2.52,1.47,2.07,2.56,2.46,2.53,3.25,2.36,2.74,2.19,2.58,2.39,3.08,4.07,2.65,3.15,2.47,930427,1246800
"sub-992",2.88,2.75,2.48,2.17,2.83,2.93,2.66,2.8,2.73,2.36,2.8,2.08,2.54,2.82,2.82,2.76,2.66,2.87,2.47,1.71,2.28,2.6,2.69,2.71,3.14,2.25,2.82,2.38,2.94,2.66,2.66,3.97,2.68,3.01,2.6,1102190,1370620
"sub-932",2.64,2.41,2.57,1.96,3.71,2.85,2.58,2.73,2.85,2.37,2.63,2.27,2.48,2.63,2.87,2.69,2.6,2.72,2.44,1.88,2.25,2.6,2.64,2.57,2.63,2.23,2.79,2.39,2.81,2.65,2.81,3.77,2.65,3.24,2.57,1378640,1803490
"sub-943",2.42,2.48,2.45,2.09,2.96,2.67,2.41,2.61,2.87,2.15,2.67,2.3,2.36,2.58,2.87,2.58,2.5,2.38,2.18,1.86,2.27,2.63,2.63,2.52,3.09,2.14,2.64,2.25,2.64,2.46,2.39,4.29,2.68,3.19,2.48,1187160,1513790
"sub-958",2.38,2.48,2.45,1.97,3.49,2.76,2.52,2.79,2.76,2.33,2.51,2.06,2.34,2.62,2.88,2.68,2.66,2.57,2.3,1.89,2.03,2.7,2.5,2.61,2.95,2.18,2.64,2.2,2.71,2.45,2.98,4.3,2.71,3.15,2.48,1154120,1397780
"sub-967",2.68,2.49,2.48,1.84,3,2.73,2.52,2.6,2.91,2.09,2.66,2.05,2.43,2.74,2.73,2.62,2.67,2.4,2.49,1.45,2.05,2.49,2.56,2.51,3.04,2.33,2.65,2.25,2.84,2.59,2.81,3.52,2.7,2.99,2.47,1146950,1469040
"sub-968",2.72,2.6,2.59,1.9,3.59,2.79,2.53,2.83,2.45,2.31,2.66,2.24,2.46,2.75,3,2.63,2.6,2.39,2.47,1.44,2.26,2.63,2.65,2.52,2.88,2.3,2.74,2.33,2.76,2.6,2.71,4.11,2.55,2.93,2.54,1237840,1578570
"sub-994",2.59,2.63,2.56,2.06,2.91,2.81,2.56,2.91,2.86,2.17,2.7,1.91,2.4,2.92,3.2,2.62,2.65,2.58,2.49,1.78,2.19,2.67,2.53,2.4,2.8,2.34,2.58,2.31,2.97,2.62,2.46,3.91,2.88,3.39,2.52,1115930,1471770
"sub-914",2.46,2.47,2.33,1.97,3.02,2.78,2.44,2.69,2.36,2.14,2.51,2.04,2.24,2.69,2.92,2.48,2.61,2.52,2.33,1.37,1.93,2.5,2.47,2.48,2.8,2.14,2.67,2.2,2.91,2.36,2.5,3.72,2.4,3.08,2.41,1190580,1489040
"sub-933",2.56,2.33,2.58,1.89,3.96,2.78,2.44,2.71,2.42,2.37,2.57,1.98,2.34,2.74,2.58,2.64,2.48,2.63,2.33,1.44,2.22,2.48,2.54,2.54,2.55,2.08,2.56,2.26,2.82,2.46,2.52,3.97,2.72,3.11,2.46,1341530,1662890
"sub-915",2.63,2.71,2.47,2.05,3.54,2.79,2.53,2.68,2.84,2.33,2.73,2.15,2.4,2.7,2.77,2.75,2.42,2.61,2.5,1.76,2.19,2.8,2.49,2.62,2.77,2.29,2.64,2.32,2.88,2.53,2.78,3.72,2.73,3.12,2.53,1126940,1417630
"sub-959",2.35,2.16,2.57,1.94,3.58,2.72,2.49,2.46,2.35,2.11,2.45,1.91,2.37,2.53,2.79,2.7,2.45,2.58,2.47,1.82,2.24,2.47,2.7,2.54,2.66,2.19,2.71,2.14,2.69,2.47,2.82,4.01,2.34,2.85,2.43,1189410,1528620
"sub-987",2.76,2.44,2.5,1.79,3.45,2.71,2.58,2.66,2.33,2.21,2.56,1.87,2.33,2.64,2.68,2.68,2.42,2.85,2.39,1.61,2.12,2.55,2.56,2.65,2.74,2.18,2.72,2.31,2.91,2.5,2.62,3.71,2.51,2.99,2.48,1146060,1408810
"sub-904",2.58,2.74,2.54,1.89,3.64,2.84,2.61,2.76,2.82,2.24,2.47,2.11,2.25,2.87,2.95,2.56,2.69,2.66,2.41,1.58,2.1,2.66,2.52,2.42,3.03,2.16,2.66,2.25,2.83,2.61,2.84,3.92,2.67,3.01,2.49,968278,1274440
"sub-922",2.32,2.46,2.47,1.77,3.42,2.74,2.38,2.7,2.25,2.08,2.57,2,2.4,2.72,2.84,2.62,2.55,2.54,2.42,1.44,1.98,2.33,2.44,2.37,2.7,2.24,2.59,2.11,2.57,2.42,2.65,3.58,2.24,3.06,2.39,923191,1048010
"sub-957",2.59,2.56,2.65,2.13,3.46,2.71,2.57,2.7,2.78,2.06,2.48,1.98,2.56,2.83,3.04,2.81,2.74,2.64,2.49,1.72,2.25,2.67,2.68,2.68,3.2,2.28,2.79,2.39,2.72,2.65,3.19,3.87,2.8,3.1,2.54,1212000,1421820
"sub-964",2.8,2.36,2.48,1.82,3.53,2.81,2.5,2.62,2.53,2.18,2.53,2.01,2.39,2.75,2.56,2.48,2.65,2.51,2.51,1.35,2.2,2.5,2.67,2.42,2.58,2.25,2.7,2.26,2.72,2.51,2.36,4.13,2.34,2.88,2.46,1026030,1342500
"sub-905",2.54,2.33,2.27,2.1,3.62,2.64,2.43,2.59,2.34,2.32,2.55,2.15,2.41,2.67,2.8,2.51,2.36,2.48,2.23,1.52,2.18,2.58,2.49,2.51,2.52,2.12,2.54,2.22,2.77,2.55,2.8,3.53,2.59,2.89,2.44,1294870,1651820
"sub-916",2.56,2.46,2.47,1.76,3.25,2.72,2.49,2.67,2.36,2.18,2.56,1.81,2.32,2.68,2.71,2.4,2.55,2.43,2.52,1.51,2.1,2.48,2.54,2.49,2.79,2.23,2.62,2.2,2.72,2.43,2.47,3.66,2.63,3.07,2.42,1186400,1541580
"sub-917",2.32,2.51,2.46,1.99,3.84,2.77,2.59,2.72,2.84,2.22,2.6,1.94,2.44,2.58,3.02,2.59,2.58,2.57,2.55,1.54,2.16,2.88,2.48,2.55,2.77,2.23,2.65,2.22,2.77,2.59,2.25,3.44,2.44,3.07,2.48,1331240,1717910
"sub-937",2.8,2.38,2.54,1.75,3.52,2.83,2.53,2.5,2.31,2.2,2.42,1.96,2.31,2.65,3.01,2.55,2.63,2.63,2.51,1.28,2.15,2.52,2.64,2.52,3.04,2.24,2.75,2.26,2.8,2.53,2.88,3.96,2.38,3.05,2.47,1137700,1395750
"sub-993",3.08,2.52,2.72,2.05,2.9,2.82,2.69,2.85,2.53,2.36,2.82,2.2,2.4,3.02,2.57,2.72,2.44,2.77,2.54,1.8,2.2,2.6,2.76,2.59,2.85,2.41,2.83,2.4,2.87,2.77,2.52,3.74,2.59,3.31,2.61,1230790,1521540
"sub-924",2.84,2.38,2.74,1.91,3.45,2.86,2.64,2.91,2.6,2.3,2.65,1.97,2.54,3,2.8,2.75,2.69,2.66,2.44,1.48,2.26,2.68,2.8,2.66,2.55,2.22,2.78,2.38,2.89,2.62,3.05,4.13,2.51,3.15,2.6,1198840,1495870
"sub-960",3.07,2.41,2.63,2.1,3.67,2.83,2.64,2.83,2.56,2.39,2.65,2.29,2.54,2.92,3.02,2.5,2.73,2.8,2.43,1.63,2.33,2.46,2.66,2.5,2.9,2.32,2.8,2.4,2.96,2.76,2.57,3.91,2.81,3.4,2.61,1078660,1473490
"sub-981",2.79,2.62,2.69,2.01,3.23,2.8,2.55,2.94,2.59,2.23,2.88,2.08,2.53,2.77,2.8,2.76,2.75,2.86,2.66,1.47,2.25,2.72,2.63,2.69,2.89,2.34,2.82,2.31,2.98,2.67,2.75,4.03,2.75,3.23,2.59,1315630,1664920
"sub-935",2.85,2.8,2.63,1.95,3.51,2.89,2.69,2.94,2.65,2.27,2.77,1.9,2.65,2.94,3.17,2.63,2.67,3.02,2.56,1.54,2.08,2.74,2.73,2.59,3.29,2.35,2.89,2.37,3.02,2.71,2.94,3.55,2.52,3.2,2.61,1081310,1403310
"sub-982",2.69,2.14,2.61,1.98,3.5,2.79,2.53,2.78,2.28,2.23,2.61,2.09,2.35,2.78,2.86,2.36,2.53,2.51,2.22,1.91,1.99,2.48,2.45,2.55,2.66,2.34,2.87,2.25,2.71,2.47,2.59,3.95,2.68,2.8,2.49,1416560,1896140
"sub-947",2.47,2.22,2.35,1.85,3.82,2.67,2.47,2.63,2.45,2.14,2.37,1.99,2.32,2.64,2.85,2.48,2.5,2.68,2.27,1.22,2.22,2.34,2.5,2.45,2.51,2.2,2.51,2.26,2.77,2.51,2.12,3.75,2.52,2.88,2.41,1012370,1314390
"sub-956",2.77,2.21,2.39,1.7,3.56,2.71,2.55,2.63,2.77,2.2,2.35,1.87,2.22,2.67,2.64,2.44,2.46,2.39,2.13,1.49,1.95,2.46,2.34,2.3,2.58,2.13,2.54,2.14,2.64,2.51,2.58,3.6,2.28,2.99,2.38,1137430,1432260
"sub-975",2.49,2.59,2.36,1.92,3.39,2.8,2.42,2.68,2.64,2.21,2.77,2.25,2.6,2.59,2.85,2.32,2.56,2.88,2.41,1.5,1.94,2.68,2.44,2.4,2.96,2.19,2.58,2.05,2.84,2.34,2.94,3.85,2.73,3.13,2.44,965649,1304030
"sub-984",2.45,2.34,2.44,1.79,3.49,2.66,2.45,2.72,2.24,2.13,2.62,2.04,2.54,2.81,3.34,2.64,2.4,2.67,2.42,1.5,2.14,2.44,2.5,2.43,2.71,2.18,2.66,2.34,2.83,2.56,2.51,4.14,2.34,3.05,2.48,952029,1257660
"sub-998",2.57,2.72,2.64,1.89,3.49,2.78,2.68,2.8,2.66,2.3,2.71,2.17,2.5,2.76,3.11,2.77,2.74,2.65,2.57,1.84,2.23,2.68,2.82,2.64,2.88,2.37,2.89,2.32,2.86,2.58,3.17,4.02,2.76,3.26,2.6,1337380,1714540
"sub-953",2.49,2.22,2.38,1.81,3.65,2.87,2.49,2.52,2.27,2.13,2.58,2.13,2.65,2.64,2.84,2.47,2.59,2.78,2.36,1.78,2.06,2.46,2.54,2.47,2.91,2.24,2.6,2.09,2.59,2.56,2.31,3.69,2.85,3.2,2.45,1005120,1392030
"sub-973",2.48,2.23,2.48,1.87,3.32,2.88,2.66,2.95,2.72,2.42,2.58,2.01,2.35,2.84,2.21,2.54,2.56,2.55,2.35,1.41,2.08,2.59,2.41,2.5,2.84,2.22,2.56,2.26,2.8,2.57,2.12,4.04,2.9,3.25,2.5,1044120,1397810
"sub-948",2.75,2.32,2.63,2.16,3.37,2.83,2.62,2.78,2.17,2.09,2.47,2.07,2.49,2.85,2.73,2.59,2.53,2.57,2.35,1.5,2.31,2.4,2.51,2.59,2.74,2.25,2.64,2.31,2.81,2.65,2.69,3.92,3,3.1,2.51,1123410,1460070
"sub-962",2.9,2.76,2.77,1.87,3.18,2.89,2.59,3,2.91,2.23,2.76,2.11,2.42,3.03,2.93,2.6,2.82,2.57,2.5,1.6,2.65,2.75,2.32,2.75,2.87,2.41,2.85,2.33,3.05,2.73,2.65,3.97,2.81,3.18,2.62,1172530,1441890
"sub-986",2.58,2.55,2.44,1.91,3.41,2.91,2.5,2.76,2.69,2.3,2.46,2.16,2.35,2.83,3.05,2.79,2.52,2.5,2.36,1.56,2.24,2.77,2.57,2.54,2.84,2.13,2.61,2.4,2.84,2.55,2.94,4.11,2.23,2.99,2.51,990163,1303020
"sub-966",2.31,2.04,2.06,1.59,3.51,2.52,2.32,2.62,2.25,1.95,2.37,1.88,1.95,2.53,2.47,2.26,2.31,2.57,2.12,1.44,1.94,2.29,2.32,2.19,2.64,2.08,2.31,1.96,2.55,2.34,2.38,3.47,2.07,2.29,2.22,1121510,1483130
"sub-988",2.6,2.49,2.44,1.76,3.39,2.92,2.38,2.82,2.64,2.22,2.58,2.06,2.45,2.74,2.91,2.48,2.49,2.4,2.34,1.6,1.98,2.67,2.59,2.45,2.96,2.08,2.67,1.99,2.81,2.6,2.57,3.96,2.34,3.1,2.45,1332680,1821540
"sub-926",2.49,2.39,2.53,1.91,3.2,2.7,2.41,2.69,2.74,2.07,2.47,2.03,2.41,2.63,2.93,2.7,2.42,2.4,2.27,1.63,1.99,2.58,2.54,2.4,2.66,2.2,2.54,2.19,2.53,2.46,2.13,3.72,2.59,2.91,2.38,1061450,1300140
"sub-945",2.17,2.2,2.43,1.9,3.26,2.69,2.33,2.79,2.22,2.11,2.19,1.82,2.39,2.66,2.58,2.32,2.51,2.66,2.23,1.52,1.88,2.2,2.2,2.44,2.72,2.09,2.65,2.03,2.83,2.51,2.39,4.23,2.26,3.16,2.34,1113930,1388860
"sub-972",2.23,2.3,2.46,1.68,3.34,2.75,2.25,2.71,2.49,2.03,2.56,1.85,2.48,2.69,2.61,2.36,2.65,2.28,2.37,1.37,1.96,2.46,2.5,2.25,2.97,2.23,2.59,2.05,2.76,2.48,2.55,3.51,2.51,3.05,2.36,1316500,1753320
"sub-990",2.61,2.39,2.56,2.03,3.53,2.73,2.45,2.81,2.31,2.28,2.57,2.11,2.33,2.8,3.01,2.77,2.53,2.82,2.44,1.66,2.2,2.52,2.68,2.58,2.58,2.29,2.76,2.37,2.87,2.55,3.05,4.21,2.55,2.96,2.53,1152470,1471620
"sub-996",2.57,2.74,2.66,1.96,3.37,2.55,2.58,2.76,2.81,2.16,2.6,1.93,2.5,2.95,2.99,2.8,2.55,2.71,2.45,1.64,2.15,2.96,2.65,2.55,2.88,2.31,2.82,2.34,2.84,2.48,3.06,4.29,2.59,3,2.52,1052200,1363320
"sub-908",2.65,2.31,2.62,1.9,3.11,2.77,2.44,2.85,2.58,2.08,2.6,2.05,2.2,2.9,2.68,2.55,2.74,2.62,2.39,1.53,2.28,2.69,2.68,2.4,2.65,2.1,2.68,2.29,2.81,2.66,2.52,3.79,2.52,2.98,2.48,1115760,1448110
"sub-925",2.61,2.39,2.44,2.38,3.96,2.86,2.56,2.94,2.62,2.47,2.68,2.37,2.46,2.72,2.52,2.91,2.38,2.6,2.26,1.59,2.18,2.63,2.62,2.64,2.98,2.13,2.73,2.31,2.95,2.48,2.87,4.1,2.82,3.15,2.56,1157660,1397130
"sub-936",2.67,2.48,2.6,1.87,3.29,2.81,2.49,2.77,2.74,2.19,2.65,1.9,2.39,2.91,3.08,2.46,2.6,2.52,2.38,1.39,2.05,2.56,2.55,2.51,2.67,2.19,2.69,2.18,2.69,2.51,2.22,3.97,2.51,2.94,2.46,1080590,1373780
"sub-955",2.55,2.17,2.4,1.68,3.43,2.66,2.32,2.6,2.62,2.01,2.56,1.91,2.5,2.56,2.64,2.52,2.58,2.48,2.24,1.56,1.93,2.4,2.51,2.36,2.21,2.17,2.61,2.09,2.81,2.3,2.77,4.13,2.45,2.94,2.36,941842,1182770
"sub-902",2.42,2.14,2.56,1.91,3.52,2.91,2.55,2.98,2.44,2.38,2.62,2.1,2.5,3.02,2.97,2.59,2.72,2.87,2.61,1.68,2.04,2.43,2.65,2.51,2.68,2.33,2.7,2.24,2.88,2.59,3.14,4.15,2.37,3.07,2.55,1119510,1420630
"sub-942",2.48,2.34,2.48,1.82,3.39,2.72,2.29,2.62,2.26,2.26,2.36,1.75,2.25,2.68,2.7,2.52,2.44,2.59,2.32,1.61,2.09,2.64,2.44,2.49,2.86,2.15,2.64,2.24,2.68,2.38,2.18,3.64,2.38,3.06,2.4,1126320,1446650
"sub-949",2.43,2.74,2.49,1.9,3.41,2.71,2.42,2.48,2.41,2.1,2.56,2.14,2.45,2.47,2.84,2.63,2.45,2.5,2.33,1.55,2.11,2.44,2.55,2.43,2.84,2.18,2.69,2.26,2.7,2.64,3.09,4.1,2.44,3.1,2.43,1051640,1300580
"sub-999",2.36,2.48,2.59,2.01,3.76,2.9,2.46,2.95,2.61,2.1,2.69,2.25,2.6,2.97,3.13,2.87,2.64,2.84,2.7,1.45,1.98,2.51,2.72,2.6,2.97,2.24,2.93,2.32,2.83,2.44,2.43,4.39,2.55,3.15,2.56,1192120,1442370
"sub-927",2.61,2.17,2.48,1.96,3.41,2.73,2.45,2.63,2.54,2.19,2.67,2.08,2.58,2.63,3.05,2.57,2.43,2.53,2.26,1.72,2.1,2.48,2.54,2.49,2.95,2.15,2.6,2.23,2.84,2.57,2.23,3.81,2.64,3.05,2.46,1055660,1463640
